age,sibsp,parch,fare,pclass_1,pclass_2,pclass_3,sex_female,sex_male,embarked_C,embarked_Q,embarked_S
-0.08113533197997112,-0.46508427634374117,-0.46618317148792077,0.5138115038918489,0.0,0.0,1.0,0.0,1.0,0.0,0.0,1.0
-0.08113533197997112,-0.46508427634374117,-0.46618317148792077,-0.6625632269369692,0.0,1.0,0.0,0.0,1.0,0.0,0.0,1.0
-0.08113533197997112,-0.46508427634374117,-0.46618317148792077,3.9553985809041556,1.0,0.0,0.0,0.0,1.0,0.0,0.0,1.0
-0.8878271899997933,-0.46508427634374117,0.7277823612437324,-0.4678743521312413,0.0,0.0,1.0,1.0,0.0,0.0,0.0,1.0
0.11093415802474844,0.4783345406270387,0.7277823612437324,-0.11597681371233177,0.0,1.0,0.0,1.0,0.0,0.0,0.0,1.0
-0.6573438019941298,-0.46508427634374117,-0.46618317148792077,-0.48696219079802316,0.0,0.0,1.0,0.0,1.0,0.0,0.0,1.0
-0.2732048219846907,-0.46508427634374117,-0.46618317148792077,0.5138115038918489,0.0,0.0,1.0,0.0,1.0,0.0,0.0,1.0
-0.08113533197997112,-0.46508427634374117,-0.46618317148792077,4.075039579498675,1.0,0.0,0.0,0.0,1.0,1.0,0.0,0.0
-0.08113533197997112,-0.46508427634374117,-0.46618317148792077,-0.5011900954135049,0.0,0.0,1.0,0.0,1.0,0.0,1.0,0.0
0.11093415802474844,0.4783345406270387,-0.46618317148792077,-0.2877611150115036,0.0,0.0,1.0,1.0,0.0,0.0,0.0,1.0
2.0316290580719443,-0.46508427634374117,-0.46618317148792077,0.07662982713825477,1.0,0.0,0.0,0.0,1.0,1.0,0.0,0.0
-0.6573438019941298,0.4783345406270387,-0.46618317148792077,-0.45798374084431925,0.0,0.0,1.0,1.0,0.0,0.0,0.0,1.0
-0.08113533197997112,7.082266259422497,1.9217478939753856,0.7856304888639273,0.0,0.0,1.0,0.0,1.0,0.0,0.0,1.0
2.0316290580719443,-0.46508427634374117,-0.46618317148792077,-0.10973011184690733,1.0,0.0,0.0,0.0,1.0,0.0,0.0,1.0
-0.6573438019941298,-0.46508427634374117,-0.46618317148792077,-0.5001489784359341,0.0,0.0,1.0,0.0,1.0,0.0,0.0,1.0
0.2645897500285241,0.4783345406270387,-0.46618317148792077,1.2114473326903592,1.0,0.0,0.0,1.0,0.0,0.0,1.0,0.0
-0.6573438019941298,-0.46508427634374117,-0.46618317148792077,-0.5015378284840135,0.0,0.0,1.0,0.0,1.0,0.0,1.0,0.0
-0.08113533197997112,-0.46508427634374117,-0.46618317148792077,-0.5116012651892122,0.0,0.0,1.0,0.0,1.0,0.0,0.0,1.0
1.0328677100474024,-0.46508427634374117,-0.46618317148792077,-0.5282591368303441,0.0,0.0,1.0,0.0,1.0,0.0,0.0,1.0
-0.08113533197997112,2.3651721745685985,0.7277823612437324,-0.13228695228295498,0.0,0.0,1.0,1.0,0.0,0.0,0.0,1.0
0.03410636202286062,0.4783345406270387,-0.46618317148792077,-0.32732356015919156,0.0,0.0,1.0,0.0,1.0,0.0,0.0,1.0
0.18776195402663626,-0.46508427634374117,-0.46618317148792077,0.9260084554177004,1.0,0.0,0.0,1.0,0.0,1.0,0.0,0.0
-0.08113533197997112,-0.46508427634374117,-0.46618317148792077,0.9865660655350799,1.0,0.0,0.0,1.0,0.0,1.0,0.0,0.0
-0.8109993939979054,-0.46508427634374117,-0.46618317148792077,-0.44392866164711425,0.0,1.0,0.0,0.0,1.0,0.0,0.0,1.0
-0.42686041398846636,-0.46508427634374117,-0.46618317148792077,-0.49815419830690855,0.0,0.0,1.0,0.0,1.0,0.0,0.0,1.0
1.186523302051178,-0.46508427634374117,-0.46618317148792077,-0.38146164299287,0.0,1.0,0.0,1.0,0.0,0.0,0.0,1.0
-0.5036882099903541,-0.46508427634374117,-0.46618317148792077,-0.49815419830690855,0.0,0.0,1.0,0.0,1.0,0.0,0.0,1.0
0.9560399140455145,-0.46508427634374117,0.7277823612437324,-0.48756812087896934,0.0,0.0,1.0,0.0,1.0,0.0,0.0,1.0
0.7255565260398511,0.4783345406270387,0.7277823612437324,1.0689871321814448,1.0,0.0,0.0,1.0,0.0,1.0,0.0,0.0
-1.041482782003569,-0.46508427634374117,-0.46618317148792077,-0.4949433935480804,0.0,0.0,1.0,0.0,1.0,0.0,0.0,1.0
-0.08113533197997112,-0.46508427634374117,-0.46618317148792077,-0.49815419830690855,0.0,0.0,1.0,0.0,1.0,0.0,0.0,1.0
2.799907018090822,-0.46508427634374117,-0.46618317148792077,-0.44392866164711425,0.0,1.0,0.0,0.0,1.0,0.0,0.0,1.0
-0.11954922998091504,-0.46508427634374117,-0.46618317148792077,-0.10973011184690733,1.0,0.0,0.0,0.0,1.0,0.0,0.0,1.0
1.647490078062505,-0.46508427634374117,-0.46618317148792077,-0.40176342405549936,0.0,1.0,0.0,0.0,1.0,0.0,0.0,1.0
1.3401788940549537,-0.46508427634374117,-0.46618317148792077,-0.35022813366574784,0.0,1.0,0.0,0.0,1.0,0.0,0.0,1.0
-0.8878271899997933,-0.46508427634374117,-0.46618317148792077,-0.4949433935480804,0.0,0.0,1.0,0.0,1.0,0.0,0.0,1.0
0.49507313803418757,-0.46508427634374117,-0.46618317148792077,-0.3918728127685774,0.0,1.0,0.0,0.0,1.0,0.0,0.0,1.0
0.03410636202286062,-0.46508427634374117,-0.46618317148792077,-0.3918728127685774,0.0,1.0,0.0,1.0,0.0,0.0,0.0,1.0
-0.580516005992242,0.4783345406270387,0.7277823612437324,-0.058715379945941185,0.0,1.0,0.0,1.0,0.0,0.0,0.0,1.0
-0.08113533197997112,-0.46508427634374117,-0.46618317148792077,-0.5011900954135049,0.0,0.0,1.0,1.0,0.0,0.0,1.0,0.0
-0.35003261798657853,-0.46508427634374117,-0.46618317148792077,-0.3918728127685774,0.0,1.0,0.0,0.0,1.0,0.0,0.0,1.0
-0.08113533197997112,-0.46508427634374117,-0.46618317148792077,-0.5120343698518817,0.0,0.0,1.0,0.0,1.0,1.0,0.0,0.0
0.18776195402663626,-0.46508427634374117,-0.46618317148792077,-0.3918728127685774,0.0,1.0,0.0,1.0,0.0,0.0,0.0,1.0
-0.08113533197997112,-0.46508427634374117,-0.46618317148792077,-0.5006695369247195,0.0,0.0,1.0,0.0,1.0,0.0,0.0,1.0
-0.8109993939979054,0.4783345406270387,-0.46618317148792077,-0.4990204076322475,0.0,0.0,1.0,1.0,0.0,0.0,0.0,1.0
1.7243178740643927,-0.46508427634374117,-0.46618317148792077,-0.02748187061881904,1.0,0.0,0.0,0.0,1.0,0.0,0.0,1.0
3.1840459981002613,-0.46508427634374117,-0.46618317148792077,0.05901829234566822,1.0,0.0,0.0,0.0,1.0,1.0,0.0,0.0
0.18776195402663626,-0.46508427634374117,-0.46618317148792077,-0.4975461859920073,0.0,0.0,1.0,0.0,1.0,0.0,0.0,1.0
-0.8109993939979054,-0.46508427634374117,-0.46618317148792077,-0.5032723293686463,0.0,0.0,1.0,0.0,1.0,0.0,0.0,1.0
-0.08113533197997112,0.4783345406270387,-0.46618317148792077,-0.33981696389004046,0.0,0.0,1.0,0.0,1.0,0.0,1.0,0.0
-0.580516005992242,-0.46508427634374117,-0.46618317148792077,-0.4577234615999265,0.0,0.0,1.0,1.0,0.0,0.0,0.0,1.0
1.570662282060617,0.4783345406270387,-0.46618317148792077,0.5014055539871158,1.0,0.0,0.0,0.0,1.0,0.0,0.0,1.0
-1.963416334026223,2.3651721745685985,1.9217478939753856,-0.08161995345249745,0.0,0.0,1.0,0.0,1.0,0.0,0.0,1.0
0.49507313803418757,0.4783345406270387,1.9217478939753856,1.836117519232802,1.0,0.0,0.0,1.0,0.0,0.0,0.0,1.0
-0.8109993939979054,0.4783345406270387,-0.46618317148792077,0.4431030032431546,1.0,0.0,0.0,0.0,1.0,0.0,0.0,1.0
0.03410636202286062,-0.46508427634374117,-0.46618317148792077,-0.017070700843111658,1.0,0.0,0.0,1.0,0.0,1.0,0.0,0.0
-0.08113533197997112,-0.46508427634374117,-0.46618317148792077,0.5138115038918489,0.0,0.0,1.0,0.0,1.0,0.0,0.0,1.0
0.03410636202286062,-0.46508427634374117,-0.46618317148792077,-0.5116012651892122,0.0,0.0,1.0,0.0,1.0,0.0,0.0,1.0
-0.6573438019941298,-0.46508427634374117,-0.46618317148792077,-0.4949433935480804,0.0,0.0,1.0,0.0,1.0,0.0,0.0,1.0
0.03410636202286062,0.4783345406270387,-0.46618317148792077,-0.162827077703015,0.0,1.0,0.0,0.0,1.0,1.0,0.0,0.0
-0.8878271899997933,-0.46508427634374117,0.7277823612437324,-0.18364941725442976,0.0,1.0,0.0,1.0,0.0,0.0,0.0,1.0
-0.8109993939979054,-0.46508427634374117,-0.46618317148792077,-0.6625632269369692,0.0,0.0,1.0,0.0,1.0,0.0,0.0,1.0
0.6487287300379633,-0.46508427634374117,-0.46618317148792077,4.075039579498675,1.0,0.0,0.0,1.0,0.0,1.0,0.0,0.0
-1.502449558014896,2.3651721745685985,1.9217478939753856,-0.08161995345249745,0.0,0.0,1.0,0.0,1.0,0.0,0.0,1.0
-0.08113533197997112,-0.46508427634374117,-0.46618317148792077,-0.6625632269369692,0.0,1.0,0.0,0.0,1.0,0.0,0.0,1.0
-0.0427214339790272,0.4783345406270387,0.7277823612437324,-0.4447094993802923,0.0,0.0,1.0,1.0,0.0,0.0,0.0,1.0
-0.08113533197997112,-0.46508427634374117,-0.46618317148792077,-0.5102998689672489,0.0,0.0,1.0,0.0,1.0,0.0,0.0,1.0
-0.11954922998091504,0.4783345406270387,-0.46618317148792077,-0.3325291450470453,0.0,0.0,1.0,0.0,1.0,0.0,0.0,1.0
0.7255565260398511,0.4783345406270387,5.503644492170345,-0.01134455746647263,0.0,0.0,1.0,1.0,0.0,0.0,0.0,1.0
-2.1170719260299986,-0.46508427634374117,0.7277823612437324,-0.4447094993802923,0.0,0.0,1.0,1.0,0.0,0.0,0.0,1.0
0.03410636202286062,-0.46508427634374117,-0.46618317148792077,-0.44392866164711425,0.0,1.0,0.0,0.0,1.0,0.0,0.0,1.0
-0.35003261798657853,-0.46508427634374117,-0.46618317148792077,-0.5121218236779976,0.0,0.0,1.0,0.0,1.0,1.0,0.0,0.0
-1.1951383740073447,3.3085909915393783,0.7277823612437324,0.1638233740098041,0.0,0.0,1.0,0.0,1.0,0.0,0.0,1.0
0.41824534203229974,0.4783345406270387,-0.46618317148792077,0.4201984297365983,1.0,0.0,0.0,1.0,0.0,0.0,0.0,1.0
-0.9646549860016811,-0.46508427634374117,1.9217478939753856,1.6462864962444193,1.0,0.0,0.0,0.0,1.0,1.0,0.0,0.0
-0.08113533197997112,-0.46508427634374117,-0.46618317148792077,-0.5017106539022903,0.0,0.0,1.0,0.0,1.0,0.0,1.0,0.0
-0.8878271899997933,-0.46508427634374117,-0.46618317148792077,-0.5220124349649197,0.0,0.0,1.0,1.0,0.0,0.0,1.0,0.0
-0.5036882099903541,-0.46508427634374117,-0.46618317148792077,-0.5053545633237878,0.0,0.0,1.0,1.0,0.0,0.0,0.0,1.0
1.570662282060617,-0.46508427634374117,-0.46618317148792077,-0.4949433935480804,0.0,0.0,1.0,0.0,1.0,0.0,0.0,1.0
-0.6573438019941298,1.4217533575978185,1.9217478939753856,4.800698112865479,1.0,0.0,0.0,1.0,0.0,1.0,0.0,0.0
2.1852846500757197,-0.46508427634374117,-0.46618317148792077,2.3883426220079627,1.0,0.0,0.0,1.0,0.0,1.0,0.0,0.0
-2.0402441300281104,0.4783345406270387,1.9217478939753856,0.2032129937392154,0.0,1.0,0.0,1.0,0.0,1.0,0.0,0.0
-1.2719661700092324,-0.46508427634374117,0.7277823612437324,-0.25652760568438143,0.0,1.0,0.0,1.0,0.0,0.0,0.0,1.0
2.108456854073832,-0.46508427634374117,-0.46618317148792077,-0.40540733347699703,0.0,1.0,0.0,0.0,1.0,0.0,1.0,0.0
-1.041482782003569,-0.46508427634374117,-0.46618317148792077,-0.12118239860018547,0.0,1.0,0.0,0.0,1.0,0.0,0.0,1.0
-0.08113533197997112,-0.46508427634374117,-0.46618317148792077,-0.5011900954135049,0.0,0.0,1.0,1.0,0.0,0.0,1.0,0.0
2.3389402420794956,0.4783345406270387,0.7277823612437324,0.14950801556820642,0.0,1.0,0.0,0.0,1.0,0.0,0.0,1.0
-0.580516005992242,-0.46508427634374117,-0.46618317148792077,2.1616394001419343,1.0,0.0,0.0,0.0,1.0,1.0,0.0,0.0
0.03410636202286062,-0.46508427634374117,-0.46618317148792077,-0.3918728127685774,0.0,1.0,0.0,0.0,1.0,0.0,0.0,1.0
-0.9646549860016811,-0.46508427634374117,-0.46618317148792077,-0.48218971057283894,0.0,0.0,1.0,0.0,1.0,0.0,0.0,1.0
-0.35003261798657853,-0.46508427634374117,-0.46618317148792077,-0.49815419830690855,0.0,0.0,1.0,0.0,1.0,0.0,0.0,1.0
-0.19637702598280285,-0.46508427634374117,-0.46618317148792077,-0.48218971057283894,0.0,0.0,1.0,0.0,1.0,0.0,0.0,1.0
0.49507313803418757,-0.46508427634374117,-0.46618317148792077,-0.6625632269369692,0.0,0.0,1.0,0.0,1.0,0.0,0.0,1.0
-0.08113533197997112,-0.46508427634374117,-0.46618317148792077,-0.4949433935480804,0.0,0.0,1.0,1.0,0.0,0.0,0.0,1.0
-0.08113533197997112,-0.46508427634374117,-0.46618317148792077,-0.5120343698518817,0.0,0.0,1.0,1.0,0.0,1.0,0.0,0.0
-0.0427214339790272,-0.46508427634374117,-0.46618317148792077,-0.46509873426903764,0.0,0.0,1.0,0.0,1.0,0.0,0.0,1.0
0.03410636202286062,-0.46508427634374117,-0.46618317148792077,1.5534542598223466,1.0,0.0,0.0,1.0,0.0,1.0,0.0,0.0
-0.08113533197997112,-0.46508427634374117,-0.46618317148792077,-0.4949433935480804,0.0,0.0,1.0,0.0,1.0,0.0,0.0,1.0
1.647490078062505,-0.46508427634374117,0.7277823612437324,0.6154953168572276,1.0,0.0,0.0,0.0,1.0,1.0,0.0,0.0
-1.041482782003569,-0.46508427634374117,-0.46618317148792077,-0.5015378284840135,0.0,0.0,1.0,1.0,0.0,0.0,1.0,0.0
-0.08113533197997112,-0.46508427634374117,-0.46618317148792077,-0.5011900954135049,0.0,0.0,1.0,1.0,0.0,0.0,1.0,0.0
-2.1938997220318863,-0.46508427634374117,1.9217478939753856,-0.3347842044204636,0.0,0.0,1.0,1.0,0.0,1.0,0.0,0.0
-0.580516005992242,-0.46508427634374117,-0.46618317148792077,-0.5002364322620501,0.0,0.0,1.0,0.0,1.0,0.0,0.0,1.0
-0.08113533197997112,0.4783345406270387,0.7277823612437324,-0.1970111125445726,0.0,0.0,1.0,1.0,0.0,1.0,0.0,0.0
-1.7329329460205594,3.3085909915393783,0.7277823612437324,-0.05611258750201434,0.0,0.0,1.0,0.0,1.0,0.0,1.0,0.0
-0.08113533197997112,-0.46508427634374117,-0.46618317148792077,-0.02748187061881904,1.0,0.0,0.0,0.0,1.0,0.0,0.0,1.0
-0.08113533197997112,0.4783345406270387,-0.46618317148792077,-0.5011900954135049,0.0,0.0,1.0,0.0,1.0,0.0,1.0,0.0
0.2645897500285241,0.4783345406270387,-0.46618317148792077,0.4431030032431546,1.0,0.0,0.0,1.0,0.0,0.0,0.0,1.0
-1.7329329460205594,3.3085909915393783,0.7277823612437324,0.1638233740098041,0.0,0.0,1.0,0.0,1.0,0.0,0.0,1.0
0.18776195402663626,-0.46508427634374117,-0.46618317148792077,-0.5011900954135049,0.0,0.0,1.0,0.0,1.0,0.0,1.0,0.0
1.570662282060617,-0.46508427634374117,-0.46618317148792077,-0.3918728127685774,0.0,1.0,0.0,0.0,1.0,0.0,0.0,1.0
2.2621124460776074,-0.46508427634374117,-0.46618317148792077,-0.38146164299287,0.0,1.0,0.0,0.0,1.0,0.0,0.0,1.0
-0.11954922998091504,0.4783345406270387,-0.46618317148792077,1.0484250718744228,1.0,0.0,0.0,0.0,1.0,1.0,0.0,0.0
-0.08113533197997112,-0.46508427634374117,-0.46618317148792077,-0.4949433935480804,0.0,0.0,1.0,0.0,1.0,0.0,0.0,1.0
2.3389402420794956,-0.46508427634374117,-0.46618317148792077,-0.10973011184690733,1.0,0.0,0.0,0.0,1.0,0.0,0.0,1.0
-0.9646549860016811,-0.46508427634374117,-0.46618317148792077,-0.36150759500074925,0.0,0.0,1.0,1.0,0.0,1.0,0.0,0.0
0.22617585202758017,0.4783345406270387,-0.46618317148792077,-0.03641881875428629,0.0,1.0,0.0,0.0,1.0,1.0,0.0,0.0
-0.6573438019941298,-0.46508427634374117,-0.46618317148792077,0.9607109665140879,1.0,0.0,0.0,1.0,0.0,0.0,0.0,1.0
-2.0402441300281104,3.3085909915393783,1.9217478939753856,-0.009002044266938455,0.0,0.0,1.0,0.0,1.0,0.0,0.0,1.0
-0.8109993939979054,-0.46508427634374117,-0.46618317148792077,-0.44392866164711425,0.0,1.0,0.0,0.0,1.0,0.0,0.0,1.0
-0.42686041398846636,1.4217533575978185,3.1157134267070385,-0.2721443603479425,0.0,1.0,0.0,1.0,0.0,0.0,0.0,1.0
-0.8878271899997933,-0.46508427634374117,1.9217478939753856,0.9959361183332165,1.0,0.0,0.0,1.0,0.0,0.0,0.0,1.0
1.4938344860587294,-0.46508427634374117,-0.46618317148792077,-0.1226566202404256,1.0,0.0,0.0,1.0,0.0,0.0,0.0,1.0
0.8792121180436268,-0.46508427634374117,1.9217478939753856,-0.24169168875399843,0.0,0.0,1.0,1.0,0.0,0.0,0.0,1.0
0.03410636202286062,-0.46508427634374117,-0.46618317148792077,-0.464751001198529,0.0,0.0,1.0,0.0,1.0,0.0,0.0,1.0
2.2621124460776074,-0.46508427634374117,-0.46618317148792077,-0.5116012651892122,0.0,0.0,1.0,0.0,1.0,0.0,0.0,1.0
-1.963416334026223,-0.46508427634374117,0.7277823612437324,-0.3831961438775028,0.0,0.0,1.0,1.0,0.0,1.0,0.0,0.0
-0.08113533197997112,-0.46508427634374117,1.9217478939753856,-0.3451100026040101,0.0,0.0,1.0,1.0,0.0,1.0,0.0,0.0
1.647490078062505,-0.46508427634374117,-0.46618317148792077,-0.5011900954135049,0.0,0.0,1.0,0.0,1.0,0.0,0.0,1.0
1.186523302051178,0.4783345406270387,0.7277823612437324,-0.11597681371233177,0.0,1.0,0.0,1.0,0.0,0.0,0.0,1.0
-0.8878271899997933,0.4783345406270387,0.7277823612437324,-0.24169168875399843,0.0,0.0,1.0,0.0,1.0,0.0,0.0,1.0
-0.08113533197997112,7.082266259422497,1.9217478939753856,0.7856304888639273,0.0,0.0,1.0,1.0,0.0,0.0,0.0,1.0
-0.08113533197997112,0.4783345406270387,-0.46618317148792077,-0.33981696389004046,0.0,0.0,1.0,1.0,0.0,0.0,1.0,0.0
-0.11954922998091504,-0.46508427634374117,0.7277823612437324,0.024573978259717865,0.0,1.0,0.0,0.0,1.0,0.0,0.0,1.0
1.9932151600710002,-0.46508427634374117,-0.46618317148792077,-0.4949433935480804,0.0,0.0,1.0,0.0,1.0,0.0,0.0,1.0
-0.42686041398846636,-0.46508427634374117,0.7277823612437324,4.491398916700854,1.0,0.0,0.0,0.0,1.0,1.0,0.0,0.0
-0.08113533197997112,-0.46508427634374117,-0.46618317148792077,-0.6625632269369692,1.0,0.0,0.0,0.0,1.0,0.0,0.0,1.0
-0.08113533197997112,0.4783345406270387,-0.46618317148792077,-0.32732356015919156,0.0,0.0,1.0,1.0,0.0,0.0,0.0,1.0
-0.08113533197997112,0.4783345406270387,1.9217478939753856,-0.17427936445629313,0.0,0.0,1.0,0.0,1.0,0.0,0.0,1.0
-0.08113533197997112,7.082266259422497,1.9217478939753856,0.7856304888639273,0.0,0.0,1.0,0.0,1.0,0.0,0.0,1.0
-0.0427214339790272,0.4783345406270387,-0.46618317148792077,-0.12118239860018547,0.0,1.0,0.0,1.0,0.0,0.0,0.0,1.0
2.1852846500757197,-0.46508427634374117,0.7277823612437324,2.5328850564720184,1.0,0.0,0.0,1.0,0.0,0.0,0.0,1.0
-0.2732048219846907,-0.46508427634374117,-0.46618317148792077,-0.4975461859920073,0.0,0.0,1.0,1.0,0.0,0.0,0.0,1.0
1.1096955060492901,-0.46508427634374117,0.7277823612437324,0.5446993623824175,1.0,0.0,0.0,1.0,0.0,1.0,0.0,0.0
-0.08113533197997112,-0.46508427634374117,-0.46618317148792077,-0.5121218236779976,0.0,0.0,1.0,0.0,1.0,1.0,0.0,0.0
0.18776195402663626,-0.46508427634374117,-0.46618317148792077,-0.4884364124382633,0.0,0.0,1.0,0.0,1.0,0.0,0.0,1.0
-0.2732048219846907,-0.46508427634374117,-0.46618317148792077,-0.44392866164711425,0.0,1.0,0.0,0.0,1.0,0.0,0.0,1.0
-1.041482782003569,-0.46508427634374117,-0.46618317148792077,-0.4949433935480804,0.0,0.0,1.0,0.0,1.0,0.0,0.0,1.0
-0.8109993939979054,-0.46508427634374117,-0.46618317148792077,-0.5006695369247195,0.0,0.0,1.0,0.0,1.0,0.0,0.0,1.0
-0.08113533197997112,-0.46508427634374117,-0.46618317148792077,-0.49815419830690855,0.0,0.0,1.0,0.0,1.0,0.0,0.0,1.0
1.4170066900568414,-0.46508427634374117,-0.46618317148792077,-0.4990204076322475,0.0,0.0,1.0,0.0,1.0,0.0,0.0,1.0
-0.08113533197997112,-0.46508427634374117,-0.46618317148792077,-0.5011900954135049,0.0,0.0,1.0,0.0,1.0,0.0,1.0,0.0
-1.5792773540167837,4.252009808510158,1.9217478939753856,0.314004498024383,0.0,0.0,1.0,0.0,1.0,0.0,0.0,1.0
0.41824534203229974,0.4783345406270387,-0.46618317148792077,1.0755815671173778,1.0,0.0,0.0,1.0,0.0,0.0,0.0,1.0
-1.3487939660111203,0.4783345406270387,-0.46618317148792077,-0.42848473240183,0.0,0.0,1.0,0.0,1.0,1.0,0.0,0.0
0.11093415802474844,-0.46508427634374117,-0.46618317148792077,-0.4990204076322475,0.0,0.0,1.0,1.0,0.0,0.0,0.0,1.0
-0.19637702598280285,0.4783345406270387,-0.46618317148792077,-0.3740009987315981,0.0,1.0,0.0,1.0,0.0,1.0,0.0,0.0
1.0328677100474024,-0.46508427634374117,0.7277823612437324,3.7379779580101484,1.0,0.0,0.0,1.0,0.0,0.0,0.0,1.0
0.07252026002380453,-0.46508427634374117,-0.46618317148792077,-0.5011900954135049,0.0,0.0,1.0,1.0,0.0,0.0,1.0,0.0
0.3414175460304119,-0.46508427634374117,-0.46618317148792077,-0.4949433935480804,0.0,0.0,1.0,0.0,1.0,0.0,0.0,1.0
-0.08113533197997112,-0.46508427634374117,-0.46618317148792077,-0.6625632269369692,0.0,1.0,0.0,0.0,1.0,0.0,0.0,1.0
-0.5036882099903541,-0.46508427634374117,-0.46618317148792077,-0.3918728127685774,0.0,1.0,0.0,0.0,1.0,0.0,0.0,1.0
-0.42686041398846636,-0.46508427634374117,1.9217478939753856,-0.3148301564283428,0.0,0.0,1.0,1.0,0.0,0.0,0.0,1.0
0.7255565260398511,-0.46508427634374117,-0.46618317148792077,-0.12118239860018547,0.0,1.0,0.0,0.0,1.0,0.0,0.0,1.0
-0.42686041398846636,-0.46508427634374117,-0.46618317148792077,-0.3918728127685774,0.0,1.0,0.0,1.0,0.0,0.0,0.0,1.0
-0.08113533197997112,-0.46508427634374117,-0.46618317148792077,-0.4995409661210328,0.0,0.0,1.0,0.0,1.0,0.0,1.0,0.0
-2.2131066710323584,1.4217533575978185,0.7277823612437324,-0.2615603651539584,0.0,0.0,1.0,1.0,0.0,1.0,0.0,0.0
0.3414175460304119,-0.46508427634374117,-0.46618317148792077,-0.3918728127685774,0.0,1.0,0.0,0.0,1.0,0.0,0.0,1.0
-0.5036882099903541,-0.46508427634374117,-0.46618317148792077,-0.47047714457516815,0.0,0.0,1.0,0.0,1.0,0.0,0.0,1.0
0.9560399140455145,0.4783345406270387,-0.46618317148792077,-0.12118239860018547,0.0,1.0,0.0,1.0,0.0,0.0,0.0,1.0
-0.08113533197997112,-0.46508427634374117,-0.46618317148792077,-0.4864416323092378,0.0,0.0,1.0,0.0,1.0,0.0,1.0,0.0
-0.580516005992242,-0.46508427634374117,-0.46618317148792077,-0.4949433935480804,0.0,0.0,1.0,0.0,1.0,0.0,0.0,1.0
-2.2069604473522073,-0.46508427634374117,1.9217478939753856,-0.058715379945941185,0.0,1.0,0.0,0.0,1.0,0.0,0.0,1.0
-0.08113533197997112,-0.46508427634374117,-0.46618317148792077,-0.5053545633237878,0.0,0.0,1.0,1.0,0.0,0.0,0.0,1.0
1.7243178740643927,-0.46508427634374117,-0.46618317148792077,-0.38146164299287,0.0,1.0,0.0,0.0,1.0,0.0,0.0,1.0
-0.9646549860016811,0.4783345406270387,-0.46618317148792077,-0.5156782792733793,0.0,0.0,1.0,0.0,1.0,0.0,0.0,1.0
1.4938344860587294,0.4783345406270387,-0.46618317148792077,1.192794680920202,1.0,0.0,0.0,0.0,1.0,1.0,0.0,0.0
1.1096955060492901,-0.46508427634374117,-0.46618317148792077,-0.4975461859920073,0.0,0.0,1.0,0.0,1.0,0.0,0.0,1.0
-1.8097607420224473,-0.46508427634374117,0.7277823612437324,-0.4028045410330702,0.0,0.0,1.0,0.0,1.0,0.0,0.0,1.0
2.6462514260870464,-0.46508427634374117,-0.46618317148792077,-0.12118239860018547,1.0,0.0,0.0,0.0,1.0,0.0,0.0,1.0
-0.8878271899997933,-0.46508427634374117,-0.46618317148792077,-0.5006695369247195,0.0,0.0,1.0,1.0,0.0,0.0,0.0,1.0
-0.8109993939979054,-0.46508427634374117,-0.46618317148792077,-0.36063930344145523,0.0,0.0,1.0,0.0,1.0,0.0,0.0,1.0
-0.2732048219846907,0.4783345406270387,1.9217478939753856,-0.23414359066661056,0.0,0.0,1.0,0.0,1.0,0.0,0.0,1.0
1.0328677100474024,0.4783345406270387,0.7277823612437324,-0.11597681371233177,0.0,1.0,0.0,0.0,1.0,0.0,0.0,1.0
-0.08113533197997112,-0.46508427634374117,-0.46618317148792077,-0.1597037267703028,0.0,0.0,1.0,0.0,1.0,0.0,1.0,0.0
-0.5036882099903541,-0.46508427634374117,-0.46618317148792077,-0.4975461859920073,0.0,0.0,1.0,1.0,0.0,0.0,0.0,1.0
-1.041482782003569,3.3085909915393783,0.7277823612437324,0.1638233740098041,0.0,0.0,1.0,0.0,1.0,0.0,0.0,1.0
0.49507313803418757,-0.46508427634374117,1.9217478939753856,0.8158228812134788,1.0,0.0,0.0,1.0,0.0,0.0,0.0,1.0
-0.580516005992242,-0.46508427634374117,0.7277823612437324,0.48266544839084263,1.0,0.0,0.0,1.0,0.0,0.0,0.0,1.0
-0.8109993939979054,-0.46508427634374117,-0.46618317148792077,-0.49815419830690855,0.0,0.0,1.0,0.0,1.0,0.0,0.0,1.0
-0.08113533197997112,-0.46508427634374117,-0.46618317148792077,-0.49849984914346207,0.0,0.0,1.0,1.0,0.0,0.0,1.0,0.0
1.3401788940549537,-0.46508427634374117,-0.46618317148792077,-0.4751621709742364,0.0,0.0,1.0,0.0,1.0,0.0,0.0,1.0
0.8023843220417389,-0.46508427634374117,-0.46618317148792077,-0.3346113790021868,0.0,1.0,0.0,1.0,0.0,0.0,0.0,1.0
-0.7341715979960176,0.4783345406270387,-0.46618317148792077,-0.45798374084431925,0.0,0.0,1.0,1.0,0.0,0.0,0.0,1.0
0.49507313803418757,0.4783345406270387,-0.46618317148792077,-0.12118239860018547,0.0,1.0,0.0,1.0,0.0,0.0,0.0,1.0
-0.8878271899997933,0.4783345406270387,0.7277823612437324,-0.4990204076322475,0.0,0.0,1.0,0.0,1.0,0.0,0.0,1.0
-0.8878271899997933,-0.46508427634374117,-0.46618317148792077,-0.42310632209569954,0.0,1.0,0.0,0.0,1.0,0.0,0.0,1.0
0.18776195402663626,-0.46508427634374117,-0.46618317148792077,0.5138115038918489,0.0,0.0,1.0,0.0,1.0,0.0,0.0,1.0
0.2645897500285241,-0.46508427634374117,-0.46618317148792077,-0.49815419830690855,0.0,0.0,1.0,0.0,1.0,1.0,0.0,0.0
0.41824534203229974,-0.46508427634374117,-0.46618317148792077,-0.10973011184690733,1.0,0.0,0.0,0.0,1.0,1.0,0.0,0.0
2.6462514260870464,0.4783345406270387,4.309678959438692,4.813712075085113,1.0,0.0,0.0,0.0,1.0,0.0,0.0,1.0
1.7243178740643927,0.4783345406270387,0.7277823612437324,0.9959361183332165,1.0,0.0,0.0,0.0,1.0,0.0,0.0,1.0
-0.42686041398846636,-0.46508427634374117,3.1157134267070385,-0.2615603651539584,0.0,0.0,1.0,1.0,0.0,1.0,0.0,0.0
2.4157680380813833,-0.46508427634374117,-0.46618317148792077,-0.5326838839850196,0.0,0.0,1.0,0.0,1.0,0.0,0.0,1.0
-0.42686041398846636,-0.46508427634374117,-0.46618317148792077,-0.44392866164711425,0.0,1.0,0.0,0.0,1.0,0.0,0.0,1.0
1.0328677100474024,-0.46508427634374117,-0.46618317148792077,-0.4949433935480804,0.0,0.0,1.0,0.0,1.0,0.0,0.0,1.0
0.3414175460304119,-0.46508427634374117,-0.46618317148792077,-0.44392866164711425,0.0,1.0,0.0,1.0,0.0,0.0,0.0,1.0
2.5694236300851587,-0.46508427634374117,-0.46618317148792077,-0.4629290464877802,0.0,0.0,1.0,1.0,0.0,0.0,0.0,1.0
-0.42686041398846636,-0.46508427634374117,-0.46618317148792077,0.7804249039760736,1.0,0.0,0.0,1.0,0.0,1.0,0.0,0.0
0.6487287300379633,0.4783345406270387,-0.46618317148792077,0.8217218500083945,1.0,0.0,0.0,1.0,0.0,1.0,0.0,0.0
-0.6573438019941298,-0.46508427634374117,-0.46618317148792077,-0.5116012651892122,0.0,0.0,1.0,0.0,1.0,0.0,0.0,1.0
1.186523302051178,0.4783345406270387,0.7277823612437324,2.7703471811842633,1.0,0.0,0.0,1.0,0.0,0.0,0.0,1.0
-1.041482782003569,0.4783345406270387,3.1157134267070385,0.053204695142913164,0.0,0.0,1.0,0.0,1.0,0.0,0.0,1.0
-0.7341715979960176,0.4783345406270387,-0.46618317148792077,-0.4975461859920073,0.0,0.0,1.0,0.0,1.0,0.0,0.0,1.0
-0.08113533197997112,-0.46508427634374117,-0.46618317148792077,-0.3491870166881771,0.0,1.0,0.0,0.0,1.0,1.0,0.0,0.0
0.8792121180436268,-0.46508427634374117,5.503644492170345,0.1638233740098041,0.0,0.0,1.0,1.0,0.0,0.0,0.0,1.0
0.03410636202286062,-0.46508427634374117,-0.46618317148792077,-0.3918728127685774,0.0,1.0,0.0,0.0,1.0,0.0,0.0,1.0
-0.0427214339790272,-0.46508427634374117,-0.46618317148792077,-0.4949433935480804,0.0,0.0,1.0,0.0,1.0,0.0,0.0,1.0
-2.0402441300281104,2.3651721745685985,0.7277823612437324,-0.22373242089090317,0.0,0.0,1.0,1.0,0.0,0.0,0.0,1.0
-2.0402441300281104,0.4783345406270387,0.7277823612437324,-0.12118239860018547,0.0,1.0,0.0,0.0,1.0,0.0,0.0,1.0
1.8779734660681684,0.4783345406270387,-0.46618317148792077,-0.12118239860018547,0.0,1.0,0.0,0.0,1.0,0.0,0.0,1.0
-0.11954922998091504,1.4217533575978185,-0.46618317148792077,-0.4975461859920073,0.0,0.0,1.0,0.0,1.0,0.0,0.0,1.0
0.49507313803418757,-0.46508427634374117,-0.46618317148792077,-0.5064831341274745,0.0,0.0,1.0,0.0,1.0,0.0,0.0,1.0
1.4170066900568414,-0.46508427634374117,-0.46618317148792077,-0.10973011184690733,1.0,0.0,0.0,0.0,1.0,0.0,0.0,1.0
0.11093415802474844,-0.46508427634374117,-0.46618317148792077,-0.4817566059101695,0.0,0.0,1.0,1.0,0.0,0.0,0.0,1.0
-0.2732048219846907,-0.46508427634374117,-0.46618317148792077,-0.49815419830690855,0.0,0.0,1.0,0.0,1.0,0.0,0.0,1.0
-0.08113533197997112,2.3651721745685985,0.7277823612437324,-0.13228695228295498,0.0,0.0,1.0,0.0,1.0,0.0,0.0,1.0
-2.238459843712981,-0.46508427634374117,0.7277823612437324,-0.4852256076794352,0.0,0.0,1.0,0.0,1.0,1.0,0.0,0.0
-0.35003261798657853,-0.46508427634374117,-0.46618317148792077,-0.5006695369247195,0.0,0.0,1.0,1.0,0.0,0.0,0.0,1.0
-0.08113533197997112,-0.46508427634374117,-0.46618317148792077,0.4201984297365983,1.0,0.0,0.0,0.0,1.0,0.0,0.0,1.0
0.6487287300379633,-0.46508427634374117,-0.46618317148792077,-0.48218971057283894,0.0,0.0,1.0,0.0,1.0,0.0,0.0,1.0
-0.08113533197997112,-0.46508427634374117,-0.46618317148792077,-0.4949433935480804,0.0,0.0,1.0,0.0,1.0,0.0,0.0,1.0
-0.08113533197997112,0.4783345406270387,0.7277823612437324,-0.3451100026040101,0.0,0.0,1.0,0.0,1.0,1.0,0.0,0.0
-1.1183105780054567,0.4783345406270387,0.7277823612437324,-0.5120343698518817,0.0,0.0,1.0,0.0,1.0,1.0,0.0,0.0
0.41824534203229974,-0.46508427634374117,-0.46618317148792077,-0.12118239860018547,0.0,1.0,0.0,0.0,1.0,0.0,0.0,1.0
-0.08113533197997112,-0.46508427634374117,-0.46618317148792077,-0.5006695369247195,0.0,0.0,1.0,0.0,1.0,0.0,0.0,1.0
-0.42686041398846636,-0.46508427634374117,-0.46618317148792077,0.9865660655350799,1.0,0.0,0.0,0.0,1.0,1.0,0.0,0.0
0.49507313803418757,-0.46508427634374117,-0.46618317148792077,0.17293314756354805,1.0,0.0,0.0,0.0,1.0,1.0,0.0,0.0
-0.580516005992242,-0.46508427634374117,-0.46618317148792077,-0.5006695369247195,0.0,0.0,1.0,1.0,0.0,0.0,0.0,1.0
1.570662282060617,1.4217533575978185,-0.46618317148792077,2.120342454109614,1.0,0.0,0.0,0.0,1.0,0.0,0.0,1.0
-0.08113533197997112,-0.46508427634374117,-0.46618317148792077,-0.5011900954135049,0.0,0.0,1.0,0.0,1.0,0.0,1.0,0.0
1.224937200052122,-0.46508427634374117,-0.46618317148792077,-0.5121218236779976,0.0,0.0,1.0,0.0,1.0,1.0,0.0,0.0
0.2645897500285241,-0.46508427634374117,-0.46618317148792077,-0.5006695369247195,0.0,0.0,1.0,0.0,1.0,0.0,0.0,1.0
-0.8109993939979054,-0.46508427634374117,-0.46618317148792077,-0.49815419830690855,0.0,0.0,1.0,0.0,1.0,0.0,0.0,1.0
-0.8878271899997933,-0.46508427634374117,-0.46618317148792077,-0.3918728127685774,0.0,1.0,0.0,0.0,1.0,0.0,0.0,1.0
-1.041482782003569,-0.46508427634374117,-0.46618317148792077,-0.5011900954135049,0.0,0.0,1.0,1.0,0.0,0.0,1.0,0.0
-0.08113533197997112,-0.46508427634374117,-0.46618317148792077,-0.03789304039452642,1.0,0.0,0.0,0.0,1.0,0.0,0.0,1.0
-0.08113533197997112,-0.46508427634374117,-0.46618317148792077,-0.04413974225995086,1.0,0.0,0.0,0.0,1.0,1.0,0.0,0.0
1.4170066900568414,0.4783345406270387,-0.46618317148792077,0.9351182289714443,1.0,0.0,0.0,0.0,1.0,1.0,0.0,0.0
-0.580516005992242,-0.46508427634374117,-0.46618317148792077,-0.49815419830690855,0.0,0.0,1.0,0.0,1.0,0.0,0.0,1.0
-0.0427214339790272,-0.46508427634374117,-0.46618317148792077,-0.03789304039452642,1.0,0.0,0.0,0.0,1.0,0.0,0.0,1.0
-0.08113533197997112,-0.46508427634374117,-0.46618317148792077,-0.12274407406654156,1.0,0.0,0.0,0.0,1.0,0.0,0.0,1.0
0.6487287300379633,-0.46508427634374117,0.7277823612437324,2.5328850564720184,1.0,0.0,0.0,0.0,1.0,0.0,0.0,1.0
1.1096955060492901,-0.46508427634374117,-0.46618317148792077,-0.4949433935480804,0.0,0.0,1.0,0.0,1.0,0.0,0.0,1.0
-2.0402441300281104,0.4783345406270387,0.7277823612437324,-0.2721443603479425,0.0,1.0,0.0,0.0,1.0,0.0,0.0,1.0
-0.8878271899997933,0.4783345406270387,-0.46618317148792077,4.075039579498675,1.0,0.0,0.0,1.0,0.0,1.0,0.0,0.0
-0.8878271899997933,0.4783345406270387,-0.46618317148792077,1.6049895502120983,1.0,0.0,0.0,0.0,1.0,1.0,0.0,0.0
-0.08113533197997112,0.4783345406270387,-0.46618317148792077,-0.1597037267703028,0.0,0.0,1.0,0.0,1.0,0.0,1.0,0.0
-2.1170719260299986,2.3651721745685985,0.7277823612437324,-0.22373242089090317,0.0,0.0,1.0,0.0,1.0,0.0,0.0,1.0
0.41824534203229974,-0.46508427634374117,-0.46618317148792077,10.005329337567716,1.0,0.0,0.0,0.0,1.0,1.0,0.0,0.0
3.4145293861059245,-0.46508427634374117,-0.46618317148792077,-0.5006695369247195,0.0,0.0,1.0,0.0,1.0,0.0,0.0,1.0
0.11093415802474844,-0.46508427634374117,-0.46618317148792077,-0.3918728127685774,0.0,1.0,0.0,0.0,1.0,0.0,0.0,1.0
-0.08113533197997112,-0.46508427634374117,-0.46618317148792077,-0.32732356015919156,0.0,0.0,1.0,0.0,1.0,0.0,0.0,1.0
2.0316290580719443,-0.46508427634374117,-0.46618317148792077,-0.023404856534652064,1.0,0.0,0.0,0.0,1.0,1.0,0.0,0.0
-0.2732048219846907,0.4783345406270387,-0.46618317148792077,-0.4990204076322475,0.0,0.0,1.0,0.0,1.0,0.0,0.0,1.0
0.18776195402663626,-0.46508427634374117,-0.46618317148792077,-0.4990204076322475,0.0,0.0,1.0,0.0,1.0,0.0,0.0,1.0
-0.08113533197997112,-0.46508427634374117,-0.46618317148792077,-0.5120343698518817,0.0,0.0,1.0,0.0,1.0,1.0,0.0,0.0
0.8023843220417389,-0.46508427634374117,-0.46618317148792077,-0.017070700843111658,1.0,0.0,0.0,0.0,1.0,1.0,0.0,0.0
-0.19637702598280285,-0.46508427634374117,-0.46618317148792077,0.9351182289714443,1.0,0.0,0.0,0.0,1.0,1.0,0.0,0.0
-0.08113533197997112,-0.46508427634374117,-0.46618317148792077,-0.33981696389004046,0.0,0.0,1.0,0.0,1.0,0.0,1.0,0.0
0.6487287300379633,-0.46508427634374117,-0.46618317148792077,-0.49815419830690855,0.0,0.0,1.0,0.0,1.0,0.0,0.0,1.0
-2.1938997220318863,3.3085909915393783,0.7277823612437324,0.1638233740098041,0.0,0.0,1.0,0.0,1.0,0.0,0.0,1.0
-0.08113533197997112,-0.46508427634374117,-0.46618317148792077,-0.6625632269369692,0.0,1.0,0.0,0.0,1.0,0.0,0.0,1.0
-0.08113533197997112,-0.46508427634374117,-0.46618317148792077,-0.5016232000761743,0.0,0.0,1.0,0.0,1.0,0.0,1.0,0.0
-2.219252894712509,0.4783345406270387,0.7277823612437324,-0.36063930344145523,0.0,1.0,0.0,0.0,1.0,0.0,0.0,1.0
-0.08113533197997112,0.4783345406270387,-0.46618317148792077,-0.33981696389004046,0.0,0.0,1.0,0.0,1.0,0.0,1.0,0.0
-2.1170719260299986,-0.46508427634374117,0.7277823612437324,-0.40670872969896044,0.0,0.0,1.0,1.0,0.0,0.0,0.0,1.0
-0.8878271899997933,-0.46508427634374117,-0.46618317148792077,-0.45763600777381064,0.0,0.0,1.0,1.0,0.0,0.0,0.0,1.0
1.647490078062505,0.4783345406270387,-0.46618317148792077,0.9607109665140879,1.0,0.0,0.0,1.0,0.0,0.0,0.0,1.0
-0.0427214339790272,0.4783345406270387,-0.46618317148792077,-0.08535131670011094,0.0,1.0,0.0,0.0,1.0,1.0,0.0,0.0
1.4938344860587294,-0.46508427634374117,-0.46618317148792077,-0.6625632269369692,0.0,0.0,1.0,0.0,1.0,0.0,0.0,1.0
-0.42686041398846636,-0.46508427634374117,-0.46618317148792077,-0.464751001198529,0.0,0.0,1.0,0.0,1.0,0.0,0.0,1.0
0.11093415802474844,0.4783345406270387,0.7277823612437324,-0.2351847076441813,0.0,0.0,1.0,1.0,0.0,0.0,0.0,1.0
1.186523302051178,-0.46508427634374117,-0.46618317148792077,-0.5011900954135049,0.0,0.0,1.0,1.0,0.0,0.0,0.0,1.0
0.18776195402663626,-0.46508427634374117,-0.46618317148792077,-0.4975461859920073,0.0,0.0,1.0,0.0,1.0,0.0,0.0,1.0
-0.8878271899997933,-0.46508427634374117,0.7277823612437324,-0.36159296659291,0.0,0.0,1.0,1.0,0.0,1.0,0.0,0.0
1.1096955060492901,0.4783345406270387,-0.46618317148792077,-0.12118239860018547,0.0,1.0,0.0,1.0,0.0,0.0,0.0,1.0
1.3401788940549537,0.4783345406270387,0.7277823612437324,0.43173817031599243,1.0,0.0,0.0,1.0,0.0,0.0,0.0,1.0
0.5334870360351315,-0.46508427634374117,1.9217478939753856,-0.12118239860018547,0.0,1.0,0.0,0.0,1.0,0.0,0.0,1.0
0.03410636202286062,-0.46508427634374117,-0.46618317148792077,-0.3918728127685774,0.0,1.0,0.0,0.0,1.0,0.0,0.0,1.0
-0.19637702598280285,-0.46508427634374117,-0.46618317148792077,-0.44392866164711425,0.0,1.0,0.0,1.0,0.0,0.0,0.0,1.0
-0.0427214339790272,-0.46508427634374117,-0.46618317148792077,-0.464751001198529,0.0,0.0,1.0,0.0,1.0,0.0,0.0,1.0
3.1840459981002613,-0.46508427634374117,-0.46618317148792077,0.3682300346841773,1.0,0.0,0.0,0.0,1.0,1.0,0.0,0.0
1.7243178740643927,0.4783345406270387,0.7277823612437324,1.2843255211203108,1.0,0.0,0.0,1.0,0.0,0.0,0.0,1.0
1.0328677100474024,0.4783345406270387,6.697610024901998,0.314004498024383,0.0,0.0,1.0,1.0,0.0,0.0,0.0,1.0
-0.580516005992242,-0.46508427634374117,-0.46618317148792077,-0.49815419830690855,0.0,0.0,1.0,0.0,1.0,0.0,0.0,1.0
-0.08113533197997112,1.4217533575978185,-0.46618317148792077,-0.17844383236657607,0.0,0.0,1.0,1.0,0.0,0.0,1.0,0.0
-0.08113533197997112,-0.46508427634374117,0.7277823612437324,0.48266544839084263,1.0,0.0,0.0,1.0,0.0,0.0,0.0,1.0
-0.2732048219846907,-0.46508427634374117,-0.46618317148792077,-0.49815419830690855,0.0,0.0,1.0,0.0,1.0,0.0,0.0,1.0
-0.35003261798657853,0.4783345406270387,-0.46618317148792077,-0.4975461859920073,0.0,0.0,1.0,1.0,0.0,0.0,0.0,1.0
-0.08113533197997112,-0.46508427634374117,-0.46618317148792077,-0.6625632269369692,1.0,0.0,0.0,0.0,1.0,0.0,0.0,1.0
0.11093415802474844,-0.46508427634374117,1.9217478939753856,2.7703471811842633,1.0,0.0,0.0,1.0,0.0,0.0,0.0,1.0
1.186523302051178,-0.46508427634374117,-0.46618317148792077,-0.4949433935480804,0.0,0.0,1.0,0.0,1.0,0.0,0.0,1.0
-0.580516005992242,-0.46508427634374117,-0.46618317148792077,-0.5116012651892122,0.0,0.0,1.0,0.0,1.0,0.0,0.0,1.0
1.4938344860587294,0.4783345406270387,-0.46618317148792077,0.9351182289714443,1.0,0.0,0.0,1.0,0.0,1.0,0.0,0.0
-0.580516005992242,0.4783345406270387,1.9217478939753856,0.2032129937392154,0.0,1.0,0.0,1.0,0.0,1.0,0.0,0.0
-1.963416334026223,-0.46508427634374117,1.9217478939753856,-0.20395119831705918,0.0,0.0,1.0,1.0,0.0,0.0,0.0,1.0
-0.0427214339790272,-0.46508427634374117,1.9217478939753856,-0.3451100026040101,0.0,0.0,1.0,1.0,0.0,1.0,0.0,0.0
0.3414175460304119,-0.46508427634374117,-0.46618317148792077,-0.3918728127685774,0.0,1.0,0.0,0.0,1.0,0.0,0.0,1.0
1.4170066900568414,-0.46508427634374117,-0.46618317148792077,-0.1226566202404256,1.0,0.0,0.0,1.0,0.0,0.0,0.0,1.0
-0.19637702598280285,0.4783345406270387,-0.46618317148792077,-0.22529409635725928,0.0,1.0,0.0,1.0,0.0,0.0,0.0,1.0
1.8779734660681684,0.4783345406270387,-0.46618317148792077,0.5742837424170676,1.0,0.0,0.0,1.0,0.0,1.0,0.0,0.0
-0.08113533197997112,-0.46508427634374117,-0.46618317148792077,-0.3739135449054821,0.0,1.0,0.0,0.0,1.0,1.0,0.0,0.0
-0.8109993939979054,0.4783345406270387,-0.46618317148792077,-0.12118239860018547,0.0,1.0,0.0,1.0,0.0,0.0,0.0,1.0
-0.580516005992242,0.4783345406270387,-0.46618317148792077,0.7242045871872537,1.0,0.0,0.0,1.0,0.0,0.0,0.0,1.0
1.224937200052122,-0.46508427634374117,-0.46618317148792077,-0.06912654972164857,1.0,0.0,0.0,0.0,1.0,0.0,0.0,1.0
-0.08113533197997112,-0.46508427634374117,-0.46618317148792077,-0.08535131670011094,1.0,0.0,0.0,0.0,1.0,1.0,0.0,0.0
-0.5036882099903541,-0.46508427634374117,-0.46618317148792077,-0.4990204076322475,0.0,0.0,1.0,0.0,1.0,0.0,0.0,1.0
0.03410636202286062,-0.46508427634374117,-0.46618317148792077,-0.4949433935480804,0.0,0.0,1.0,0.0,1.0,0.0,0.0,1.0
-0.08113533197997112,-0.46508427634374117,-0.46618317148792077,-0.5120343698518817,0.0,0.0,1.0,0.0,1.0,1.0,0.0,0.0
0.3414175460304119,0.4783345406270387,-0.46618317148792077,-0.22529409635725928,0.0,1.0,0.0,0.0,1.0,0.0,0.0,1.0
0.11093415802474844,-0.46508427634374117,-0.46618317148792077,-0.4975461859920073,0.0,0.0,1.0,0.0,1.0,0.0,0.0,1.0
-0.08113533197997112,7.082266259422497,1.9217478939753856,0.7856304888639273,0.0,0.0,1.0,0.0,1.0,0.0,0.0,1.0
0.8023843220417389,0.4783345406270387,4.309678959438692,-0.08161995345249745,0.0,0.0,1.0,0.0,1.0,0.0,0.0,1.0
-0.08113533197997112,-0.46508427634374117,-0.46618317148792077,-0.5011900954135049,0.0,0.0,1.0,1.0,0.0,0.0,1.0,0.0
0.18776195402663626,-0.46508427634374117,-0.46618317148792077,-0.44392866164711425,0.0,1.0,0.0,0.0,1.0,0.0,0.0,1.0
-0.7341715979960176,-0.46508427634374117,-0.46618317148792077,-0.47047714457516815,0.0,0.0,1.0,0.0,1.0,0.0,0.0,1.0
-0.19637702598280285,-0.46508427634374117,1.9217478939753856,3.741361588187253,1.0,0.0,0.0,0.0,1.0,1.0,0.0,0.0
0.22617585202758017,-0.46508427634374117,-0.46618317148792077,-0.3918728127685774,0.0,1.0,0.0,1.0,0.0,0.0,0.0,1.0
1.1096955060492901,-0.46508427634374117,-0.46618317148792077,-0.08535131670011094,1.0,0.0,0.0,1.0,0.0,1.0,0.0,0.0
-0.5036882099903541,-0.46508427634374117,-0.46618317148792077,-0.34927447051429306,0.0,1.0,0.0,0.0,1.0,1.0,0.0,0.0
0.3414175460304119,0.4783345406270387,0.7277823612437324,-0.3627215373965967,0.0,0.0,1.0,0.0,1.0,0.0,0.0,1.0
0.18776195402663626,0.4783345406270387,-0.46618317148792077,-0.12118239860018547,0.0,1.0,0.0,0.0,1.0,0.0,0.0,1.0
-1.963416334026223,-0.46508427634374117,1.9217478939753856,1.0419180907646057,1.0,0.0,0.0,0.0,1.0,0.0,0.0,1.0
-2.1170719260299986,3.3085909915393783,1.9217478939753856,-0.01134455746647263,0.0,0.0,1.0,1.0,0.0,0.0,0.0,1.0
-0.08113533197997112,-0.46508427634374117,-0.46618317148792077,-0.6625632269369692,0.0,1.0,0.0,0.0,1.0,0.0,0.0,1.0
-0.35003261798657853,-0.46508427634374117,-0.46618317148792077,-0.3918728127685774,0.0,1.0,0.0,0.0,1.0,0.0,0.0,1.0
-0.42686041398846636,-0.46508427634374117,-0.46618317148792077,-0.4949433935480804,0.0,0.0,1.0,0.0,1.0,0.0,0.0,1.0
-0.6573438019941298,-0.46508427634374117,-0.46618317148792077,-0.48218971057283894,0.0,0.0,1.0,0.0,1.0,0.0,0.0,1.0
0.11093415802474844,-0.46508427634374117,-0.46618317148792077,-0.44392866164711425,0.0,1.0,0.0,0.0,1.0,0.0,0.0,1.0
1.8779734660681684,-0.46508427634374117,-0.46618317148792077,-0.3710504732171626,0.0,1.0,0.0,0.0,1.0,0.0,0.0,1.0
0.2645897500285241,2.3651721745685985,-0.46618317148792077,-0.3325291450470453,0.0,0.0,1.0,1.0,0.0,0.0,0.0,1.0
-0.5036882099903541,-0.46508427634374117,-0.46618317148792077,-0.3918728127685774,0.0,1.0,0.0,0.0,1.0,0.0,0.0,1.0
-0.8109993939979054,0.4783345406270387,0.7277823612437324,0.10265775157752322,0.0,1.0,0.0,0.0,1.0,0.0,0.0,1.0
2.723079222088934,-0.46508427634374117,-0.46618317148792077,-0.5011900954135049,0.0,0.0,1.0,0.0,1.0,0.0,1.0,0.0
-0.08113533197997112,0.4783345406270387,-0.46618317148792077,-0.24680981981573616,0.0,0.0,1.0,0.0,1.0,0.0,0.0,1.0
0.9560399140455145,-0.46508427634374117,-0.46618317148792077,-0.3918728127685774,0.0,1.0,0.0,1.0,0.0,0.0,0.0,1.0
-0.8878271899997933,-0.46508427634374117,-0.46618317148792077,-0.42310632209569954,0.0,1.0,0.0,0.0,1.0,0.0,0.0,1.0
-0.19637702598280285,-0.46508427634374117,-0.46618317148792077,-0.3918728127685774,0.0,1.0,0.0,0.0,1.0,0.0,0.0,1.0
1.8779734660681684,-0.46508427634374117,0.7277823612437324,0.946743341142999,1.0,0.0,0.0,0.0,1.0,0.0,0.0,1.0
-0.08113533197997112,-0.46508427634374117,-0.46618317148792077,-0.5120343698518817,0.0,0.0,1.0,0.0,1.0,1.0,0.0,0.0
1.3401788940549537,-0.46508427634374117,-0.46618317148792077,0.4201984297365983,1.0,0.0,0.0,0.0,1.0,0.0,0.0,1.0
-1.425621762013008,4.252009808510158,1.9217478939753856,0.314004498024383,0.0,0.0,1.0,0.0,1.0,0.0,0.0,1.0
-0.6573438019941298,1.4217533575978185,-0.46618317148792077,0.8678787300920157,0.0,1.0,0.0,0.0,1.0,0.0,0.0,1.0
-0.0427214339790272,-0.46508427634374117,-0.46618317148792077,-0.44392866164711425,0.0,1.0,0.0,0.0,1.0,0.0,0.0,1.0
0.7255565260398511,-0.46508427634374117,-0.46618317148792077,-0.1597037267703028,0.0,0.0,1.0,0.0,1.0,0.0,0.0,1.0
0.7255565260398511,-0.46508427634374117,5.503644492170345,-0.05611258750201434,0.0,0.0,1.0,1.0,0.0,0.0,1.0,0.0
0.49507313803418757,0.4783345406270387,-0.46618317148792077,-0.3387758469124697,0.0,0.0,1.0,0.0,1.0,0.0,0.0,1.0
-0.9646549860016811,0.4783345406270387,-0.46618317148792077,1.6049895502120983,1.0,0.0,0.0,1.0,0.0,1.0,0.0,0.0
-0.08113533197997112,-0.46508427634374117,-0.46618317148792077,-0.48218971057283894,0.0,0.0,1.0,0.0,1.0,0.0,0.0,1.0
-1.425621762013008,3.3085909915393783,1.9217478939753856,-0.01134455746647263,0.0,0.0,1.0,1.0,0.0,0.0,0.0,1.0
1.3401788940549537,0.4783345406270387,-0.46618317148792077,-0.36063930344145523,0.0,0.0,1.0,1.0,0.0,0.0,0.0,1.0
-0.08113533197997112,-0.46508427634374117,-0.46618317148792077,-0.12118239860018547,1.0,0.0,0.0,0.0,1.0,0.0,0.0,1.0
0.6487287300379633,0.4783345406270387,5.503644492170345,-0.009002044266938455,0.0,0.0,1.0,1.0,0.0,0.0,0.0,1.0
-0.08113533197997112,-0.46508427634374117,-0.46618317148792077,-0.40540733347699703,0.0,1.0,0.0,1.0,0.0,0.0,1.0,0.0
-0.8109993939979054,-0.46508427634374117,-0.46618317148792077,-0.03789304039452642,1.0,0.0,0.0,1.0,0.0,0.0,0.0,1.0
1.4170066900568414,0.4783345406270387,-0.46618317148792077,0.16200141929905532,1.0,0.0,0.0,1.0,0.0,1.0,0.0,0.0
-0.08113533197997112,-0.46508427634374117,-0.46618317148792077,-0.5014503746578975,0.0,0.0,1.0,0.0,1.0,0.0,1.0,0.0
-0.08113533197997112,0.4783345406270387,-0.46618317148792077,2.3883426220079627,1.0,0.0,0.0,1.0,0.0,1.0,0.0,0.0
0.8023843220417389,-0.46508427634374117,-0.46618317148792077,-0.6625632269369692,1.0,0.0,0.0,0.0,1.0,0.0,0.0,1.0
0.11093415802474844,-0.46508427634374117,-0.46618317148792077,-0.5006695369247195,0.0,0.0,1.0,0.0,1.0,0.0,0.0,1.0
-1.6561051500186716,2.3651721745685985,0.7277823612437324,-0.22373242089090317,0.0,0.0,1.0,1.0,0.0,0.0,0.0,1.0
-0.2732048219846907,-0.46508427634374117,-0.46618317148792077,-0.27136352261476443,0.0,0.0,1.0,0.0,1.0,1.0,0.0,0.0
-0.42686041398846636,1.4217533575978185,-0.46618317148792077,0.8678787300920157,0.0,1.0,0.0,0.0,1.0,0.0,0.0,1.0
-0.580516005992242,-0.46508427634374117,-0.46618317148792077,-0.5120343698518817,0.0,0.0,1.0,0.0,1.0,1.0,0.0,0.0
-1.963416334026223,0.4783345406270387,0.7277823612437324,-0.18364941725442976,0.0,1.0,0.0,1.0,0.0,0.0,0.0,1.0
1.186523302051178,-0.46508427634374117,-0.46618317148792077,-0.10973011184690733,1.0,0.0,0.0,0.0,1.0,0.0,0.0,1.0
0.9560399140455145,-0.46508427634374117,-0.46618317148792077,4.075039579498675,1.0,0.0,0.0,1.0,0.0,1.0,0.0,0.0
0.18776195402663626,-0.46508427634374117,-0.46618317148792077,-0.02748187061881904,1.0,0.0,0.0,0.0,1.0,1.0,0.0,0.0
1.647490078062505,-0.46508427634374117,-0.46618317148792077,-0.4949433935480804,0.0,0.0,1.0,0.0,1.0,0.0,0.0,1.0
-1.1567244760064006,0.4783345406270387,-0.46618317148792077,-0.36159296659291,0.0,0.0,1.0,1.0,0.0,1.0,0.0,0.0
-0.08113533197997112,-0.46508427634374117,-0.46618317148792077,-0.5157657330994951,0.0,0.0,1.0,0.0,1.0,0.0,0.0,1.0
-0.19637702598280285,0.4783345406270387,-0.46618317148792077,-0.36159296659291,0.0,0.0,1.0,0.0,1.0,1.0,0.0,0.0
-0.08113533197997112,-0.46508427634374117,-0.46618317148792077,-0.10973011184690733,1.0,0.0,0.0,0.0,1.0,0.0,0.0,1.0
-1.6561051500186716,3.3085909915393783,0.7277823612437324,-0.05611258750201434,0.0,0.0,1.0,0.0,1.0,0.0,1.0,0.0
0.9560399140455145,0.4783345406270387,-0.46618317148792077,-0.10036005904877071,0.0,1.0,0.0,0.0,1.0,0.0,0.0,1.0
0.8023843220417389,0.4783345406270387,0.7277823612437324,2.138041442728316,1.0,0.0,0.0,1.0,0.0,1.0,0.0,0.0
-1.886588538024335,3.3085909915393783,1.9217478939753856,-0.009002044266938455,0.0,0.0,1.0,1.0,0.0,0.0,0.0,1.0
0.03410636202286062,-0.46508427634374117,-0.46618317148792077,-0.49815419830690855,0.0,0.0,1.0,0.0,1.0,0.0,0.0,1.0
-0.08113533197997112,-0.46508427634374117,-0.46618317148792077,-0.5011900954135049,0.0,0.0,1.0,1.0,0.0,0.0,1.0,0.0
-1.963416334026223,3.3085909915393783,0.7277823612437324,-0.05611258750201434,0.0,0.0,1.0,0.0,1.0,0.0,1.0,0.0
-2.2069604473522073,0.4783345406270387,0.7277823612437324,-0.2721443603479425,0.0,1.0,0.0,0.0,1.0,0.0,0.0,1.0
-0.11954922998091504,0.4783345406270387,-0.46618317148792077,-0.12118239860018547,0.0,1.0,0.0,1.0,0.0,0.0,0.0,1.0
-0.7341715979960176,-0.46508427634374117,-0.46618317148792077,-0.5790135894869175,0.0,0.0,1.0,0.0,1.0,1.0,0.0,0.0
-0.08113533197997112,-0.46508427634374117,-0.46618317148792077,-0.5121218236779976,0.0,0.0,1.0,0.0,1.0,1.0,0.0,0.0
-0.08113533197997112,-0.46508427634374117,-0.46618317148792077,-0.023404856534652064,1.0,0.0,0.0,0.0,1.0,1.0,0.0,0.0
-0.9646549860016811,-0.46508427634374117,-0.46618317148792077,-0.48218971057283894,0.0,0.0,1.0,0.0,1.0,0.0,0.0,1.0
-0.08113533197997112,-0.46508427634374117,-0.46618317148792077,-0.4811485935952681,0.0,0.0,1.0,0.0,1.0,1.0,0.0,0.0
-0.0427214339790272,-0.46508427634374117,-0.46618317148792077,-0.5006695369247195,0.0,0.0,1.0,0.0,1.0,0.0,0.0,1.0
0.41824534203229974,-0.46508427634374117,-0.46618317148792077,-0.5142040576331391,0.0,0.0,1.0,0.0,1.0,0.0,0.0,1.0
-1.8097607420224473,3.3085909915393783,1.9217478939753856,-0.01134455746647263,0.0,0.0,1.0,1.0,0.0,0.0,0.0,1.0
-0.8109993939979054,-0.46508427634374117,-0.46618317148792077,-0.49849984914346207,0.0,0.0,1.0,1.0,0.0,0.0,1.0,0.0
-0.6573438019941298,-0.46508427634374117,-0.46618317148792077,-0.4990204076322475,0.0,0.0,1.0,0.0,1.0,0.0,0.0,1.0
-0.7341715979960176,-0.46508427634374117,-0.46618317148792077,-0.4575506361816498,0.0,0.0,1.0,0.0,1.0,0.0,0.0,1.0
-1.7329329460205594,-0.46508427634374117,1.9217478939753856,-0.11597681371233177,0.0,1.0,0.0,1.0,0.0,0.0,0.0,1.0
0.7255565260398511,-0.46508427634374117,-0.46618317148792077,-0.4975461859920073,0.0,0.0,1.0,0.0,1.0,0.0,0.0,1.0
-0.2732048219846907,0.4783345406270387,-0.46618317148792077,-0.36159296659291,0.0,0.0,1.0,0.0,1.0,1.0,0.0,0.0
1.186523302051178,-0.46508427634374117,0.7277823612437324,-0.36159296659291,0.0,0.0,1.0,1.0,0.0,1.0,0.0,0.0
0.2645897500285241,0.4783345406270387,0.7277823612437324,-0.2351847076441813,0.0,0.0,1.0,0.0,1.0,0.0,0.0,1.0
-2.1170719260299986,0.4783345406270387,0.7277823612437324,-0.12118239860018547,0.0,1.0,0.0,0.0,1.0,0.0,0.0,1.0
-0.08113533197997112,0.4783345406270387,-0.46618317148792077,1.192794680920202,1.0,0.0,0.0,1.0,0.0,1.0,0.0,0.0
-0.2732048219846907,0.4783345406270387,-0.46618317148792077,-0.32732356015919156,0.0,0.0,1.0,1.0,0.0,0.0,0.0,1.0
0.18776195402663626,-0.46508427634374117,-0.46618317148792077,0.5138115038918489,0.0,0.0,1.0,0.0,1.0,0.0,0.0,1.0
0.41824534203229974,-0.46508427634374117,-0.46618317148792077,2.1616394001419343,1.0,0.0,0.0,1.0,0.0,0.0,0.0,1.0
-0.11954922998091504,0.4783345406270387,0.7277823612437324,-0.3627215373965967,0.0,0.0,1.0,1.0,0.0,0.0,0.0,1.0
0.7255565260398511,0.4783345406270387,5.503644492170345,-0.01134455746647263,0.0,0.0,1.0,0.0,1.0,0.0,0.0,1.0
-0.11954922998091504,-0.46508427634374117,-0.46618317148792077,-0.464751001198529,0.0,0.0,1.0,0.0,1.0,0.0,0.0,1.0
0.5719009340360754,-0.46508427634374117,0.7277823612437324,-0.04413974225995086,1.0,0.0,0.0,0.0,1.0,1.0,0.0,0.0
-0.08113533197997112,-0.46508427634374117,-0.46618317148792077,-0.5116012651892122,0.0,0.0,1.0,0.0,1.0,0.0,0.0,1.0
-1.963416334026223,3.3085909915393783,1.9217478939753856,-0.01134455746647263,0.0,0.0,1.0,0.0,1.0,0.0,0.0,1.0
-0.5036882099903541,-0.46508427634374117,0.7277823612437324,0.6567048090634326,1.0,0.0,0.0,0.0,1.0,1.0,0.0,0.0
0.6487287300379633,-0.46508427634374117,-0.46618317148792077,-0.5157657330994951,0.0,0.0,1.0,0.0,1.0,0.0,0.0,1.0
-0.35003261798657853,-0.46508427634374117,-0.46618317148792077,-0.5157657330994951,0.0,0.0,1.0,0.0,1.0,0.0,0.0,1.0
-0.0427214339790272,-0.46508427634374117,-0.46618317148792077,-0.44392866164711425,0.0,1.0,0.0,1.0,0.0,0.0,0.0,1.0
1.8779734660681684,-0.46508427634374117,-0.46618317148792077,0.41733535804827876,1.0,0.0,0.0,0.0,1.0,0.0,0.0,1.0
-0.42686041398846636,-0.46508427634374117,1.9217478939753856,-0.36063930344145523,0.0,1.0,0.0,1.0,0.0,0.0,0.0,1.0
-0.11954922998091504,-0.46508427634374117,-0.46618317148792077,-0.49815419830690855,0.0,0.0,1.0,0.0,1.0,0.0,0.0,1.0
-0.08113533197997112,-0.46508427634374117,1.9217478939753856,-0.1970111125445726,0.0,0.0,1.0,1.0,0.0,1.0,0.0,0.0
-1.1951383740073447,-0.46508427634374117,-0.46618317148792077,-0.4990204076322475,0.0,0.0,1.0,1.0,0.0,0.0,0.0,1.0
0.8792121180436268,-0.46508427634374117,0.7277823612437324,-0.25652760568438143,0.0,1.0,0.0,1.0,0.0,0.0,0.0,1.0
-0.08113533197997112,-0.46508427634374117,-0.46618317148792077,-0.36063930344145523,0.0,0.0,1.0,0.0,1.0,0.0,0.0,1.0
1.570662282060617,-0.46508427634374117,-0.46618317148792077,-0.44392866164711425,0.0,1.0,0.0,1.0,0.0,0.0,0.0,1.0
-0.08113533197997112,-0.46508427634374117,-0.46618317148792077,-0.5120343698518817,0.0,0.0,1.0,0.0,1.0,1.0,0.0,0.0
-0.6573438019941298,-0.46508427634374117,-0.46618317148792077,-0.5006695369247195,0.0,0.0,1.0,0.0,1.0,0.0,0.0,1.0
-0.580516005992242,-0.46508427634374117,1.9217478939753856,0.36814258085806145,1.0,0.0,0.0,1.0,0.0,1.0,0.0,0.0
-0.42686041398846636,-0.46508427634374117,-0.46618317148792077,-0.5064831341274745,0.0,0.0,1.0,0.0,1.0,0.0,0.0,1.0
-0.6573438019941298,-0.46508427634374117,-0.46618317148792077,-0.44392866164711425,0.0,1.0,0.0,1.0,0.0,0.0,0.0,1.0
1.647490078062505,-0.46508427634374117,-0.46618317148792077,-0.5156782792733793,0.0,0.0,1.0,0.0,1.0,0.0,0.0,1.0
-0.42686041398846636,1.4217533575978185,0.7277823612437324,-0.10036005904877071,0.0,1.0,0.0,1.0,0.0,0.0,0.0,1.0
-0.8109993939979054,-0.46508427634374117,-0.46618317148792077,-0.3918728127685774,0.0,1.0,0.0,0.0,1.0,0.0,0.0,1.0
-0.580516005992242,-0.46508427634374117,-0.46618317148792077,-0.4949433935480804,0.0,0.0,1.0,0.0,1.0,0.0,0.0,1.0
2.4157680380813833,-0.46508427634374117,-0.46618317148792077,0.03498514803542525,1.0,0.0,0.0,0.0,1.0,0.0,0.0,1.0
-0.08113533197997112,-0.46508427634374117,-0.46618317148792077,-0.4949433935480804,0.0,0.0,1.0,0.0,1.0,0.0,0.0,1.0
-0.8109993939979054,-0.46508427634374117,-0.46618317148792077,-0.45078337582744,0.0,0.0,1.0,0.0,1.0,0.0,0.0,1.0
-0.08113533197997112,-0.46508427634374117,-0.46618317148792077,-0.4949433935480804,0.0,0.0,1.0,0.0,1.0,0.0,0.0,1.0
-0.580516005992242,-0.46508427634374117,-0.46618317148792077,-0.5011900954135049,0.0,0.0,1.0,1.0,0.0,0.0,1.0,0.0
-0.11954922998091504,-0.46508427634374117,-0.46618317148792077,-0.1935400285413518,0.0,0.0,1.0,0.0,1.0,0.0,0.0,1.0
1.8779734660681684,0.4783345406270387,3.1157134267070385,-0.18364941725442976,0.0,1.0,0.0,1.0,0.0,0.0,0.0,1.0
0.8792121180436268,-0.46508427634374117,-0.46618317148792077,-0.5142040576331391,0.0,0.0,1.0,0.0,1.0,0.0,0.0,1.0
-0.08113533197997112,-0.46508427634374117,-0.46618317148792077,-0.5120343698518817,0.0,0.0,1.0,0.0,1.0,1.0,0.0,0.0
-0.08113533197997112,-0.46508427634374117,-0.46618317148792077,-0.49815419830690855,0.0,0.0,1.0,0.0,1.0,1.0,0.0,0.0
-0.6573438019941298,0.4783345406270387,-0.46618317148792077,-0.42310632209569954,0.0,1.0,0.0,0.0,1.0,0.0,0.0,1.0
0.8023843220417389,0.4783345406270387,0.7277823612437324,0.14950801556820642,0.0,1.0,0.0,1.0,0.0,0.0,0.0,1.0
0.49507313803418757,-0.46508427634374117,-0.46618317148792077,-0.44392866164711425,0.0,1.0,0.0,0.0,1.0,0.0,0.0,1.0
-0.0427214339790272,0.4783345406270387,-0.46618317148792077,-0.12118239860018547,0.0,1.0,0.0,1.0,0.0,0.0,0.0,1.0
-1.1183105780054567,0.4783345406270387,-0.46618317148792077,-0.36159296659291,0.0,0.0,1.0,1.0,0.0,1.0,0.0,0.0
0.8407982200426828,-0.46508427634374117,-0.46618317148792077,-0.5011900954135049,0.0,0.0,1.0,0.0,1.0,0.0,1.0,0.0
-0.0427214339790272,-0.46508427634374117,-0.46618317148792077,-0.5011900954135049,0.0,0.0,1.0,0.0,1.0,0.0,1.0,0.0
0.2645897500285241,-0.46508427634374117,1.9217478939753856,-0.12118239860018547,0.0,1.0,0.0,1.0,0.0,0.0,0.0,1.0
-0.8109993939979054,-0.46508427634374117,-0.46618317148792077,-0.4949433935480804,0.0,0.0,1.0,0.0,1.0,0.0,0.0,1.0
0.41824534203229974,-0.46508427634374117,-0.46618317148792077,-0.44392866164711425,0.0,1.0,0.0,0.0,1.0,0.0,0.0,1.0
-0.8878271899997933,1.4217533575978185,1.9217478939753856,4.800698112865479,1.0,0.0,0.0,1.0,0.0,1.0,0.0,0.0
-0.8878271899997933,0.4783345406270387,-0.46618317148792077,-0.2919255829217865,0.0,0.0,1.0,1.0,0.0,0.0,0.0,1.0
-0.08113533197997112,-0.46508427634374117,-0.46618317148792077,0.2203039700430166,1.0,0.0,0.0,0.0,1.0,0.0,0.0,1.0
-0.08113533197997112,-0.46508427634374117,-0.46618317148792077,-0.5015378284840135,0.0,0.0,1.0,0.0,1.0,0.0,1.0,0.0
-0.08113533197997112,-0.46508427634374117,-0.46618317148792077,-0.4949433935480804,0.0,0.0,1.0,0.0,1.0,0.0,0.0,1.0
-0.6573438019941298,-0.46508427634374117,0.7277823612437324,0.946743341142999,1.0,0.0,0.0,0.0,1.0,0.0,0.0,1.0
-0.08113533197997112,-0.46508427634374117,-0.46618317148792077,-0.4995409661210328,0.0,0.0,1.0,1.0,0.0,0.0,1.0,0.0
0.7255565260398511,0.4783345406270387,0.7277823612437324,1.6462864962444193,1.0,0.0,0.0,1.0,0.0,1.0,0.0,0.0
-0.7341715979960176,-0.46508427634374117,-0.46618317148792077,-0.4990204076322475,0.0,0.0,1.0,0.0,1.0,0.0,0.0,1.0
2.1852846500757197,-0.46508427634374117,-0.46618317148792077,-0.04413974225995086,1.0,0.0,0.0,0.0,1.0,1.0,0.0,0.0
1.4938344860587294,0.4783345406270387,-0.46618317148792077,0.522835905853432,1.0,0.0,0.0,0.0,1.0,1.0,0.0,0.0
-1.886588538024335,1.4217533575978185,0.7277823612437324,-0.2615603651539584,0.0,0.0,1.0,1.0,0.0,1.0,0.0,0.0
0.7255565260398511,0.4783345406270387,0.7277823612437324,0.9959361183332165,1.0,0.0,0.0,1.0,0.0,0.0,0.0,1.0
-0.9646549860016811,-0.46508427634374117,-0.46618317148792077,-0.48218971057283894,0.0,0.0,1.0,0.0,1.0,0.0,0.0,1.0
2.723079222088934,-0.46508427634374117,0.7277823612437324,0.6279887205880765,1.0,0.0,0.0,0.0,1.0,1.0,0.0,0.0
-0.08113533197997112,0.4783345406270387,-0.46618317148792077,2.120342454109614,1.0,0.0,0.0,1.0,0.0,0.0,0.0,1.0
-0.08113533197997112,-0.46508427634374117,-0.46618317148792077,1.6462864962444193,1.0,0.0,0.0,1.0,0.0,1.0,0.0,0.0
-0.6573438019941298,-0.46508427634374117,-0.46618317148792077,-0.4949433935480804,0.0,0.0,1.0,0.0,1.0,0.0,0.0,1.0
0.11093415802474844,-0.46508427634374117,-0.46618317148792077,0.3888774665833603,1.0,0.0,0.0,0.0,1.0,0.0,0.0,1.0
0.18776195402663626,-0.46508427634374117,-0.46618317148792077,-0.4975461859920073,0.0,0.0,1.0,0.0,1.0,0.0,0.0,1.0
0.7255565260398511,-0.46508427634374117,-0.46618317148792077,-0.3918728127685774,0.0,1.0,0.0,0.0,1.0,0.0,0.0,1.0
-0.7341715979960176,-0.46508427634374117,-0.46618317148792077,-0.4949433935480804,0.0,0.0,1.0,0.0,1.0,0.0,0.0,1.0
0.3414175460304119,-0.46508427634374117,-0.46618317148792077,-0.3918728127685774,0.0,1.0,0.0,0.0,1.0,0.0,0.0,1.0
1.3401788940549537,-0.46508427634374117,-0.46618317148792077,-0.1297716136651441,1.0,0.0,0.0,0.0,1.0,0.0,0.0,1.0
0.49507313803418757,-0.46508427634374117,-0.46618317148792077,-0.1151959759791537,1.0,0.0,0.0,0.0,1.0,0.0,0.0,1.0
-0.6573438019941298,-0.46508427634374117,-0.46618317148792077,-0.32732356015919156,0.0,0.0,1.0,0.0,1.0,0.0,0.0,1.0
-0.08113533197997112,-0.46508427634374117,-0.46618317148792077,-0.4949433935480804,0.0,0.0,1.0,0.0,1.0,0.0,0.0,1.0
-0.08113533197997112,-0.46508427634374117,-0.46618317148792077,-0.49815419830690855,0.0,0.0,1.0,0.0,1.0,0.0,0.0,1.0
0.03410636202286062,-0.46508427634374117,-0.46618317148792077,-0.48218971057283894,0.0,0.0,1.0,1.0,0.0,0.0,0.0,1.0
-0.08113533197997112,-0.46508427634374117,-0.46618317148792077,-0.49815419830690855,0.0,0.0,1.0,0.0,1.0,0.0,0.0,1.0
-0.08113533197997112,-0.46508427634374117,-0.46618317148792077,-0.5121218236779976,0.0,0.0,1.0,0.0,1.0,1.0,0.0,0.0
0.2645897500285241,-0.46508427634374117,-0.46618317148792077,-0.48236253599111567,0.0,0.0,1.0,0.0,1.0,0.0,0.0,1.0
0.03410636202286062,-0.46508427634374117,-0.46618317148792077,0.522835905853432,1.0,0.0,0.0,1.0,0.0,1.0,0.0,0.0
-2.1938997220318863,1.4217533575978185,0.7277823612437324,0.14950801556820642,0.0,1.0,0.0,0.0,1.0,0.0,0.0,1.0
-0.7341715979960176,-0.46508427634374117,-0.46618317148792077,-0.48218971057283894,0.0,0.0,1.0,1.0,0.0,0.0,0.0,1.0
0.3414175460304119,0.4783345406270387,0.7277823612437324,0.014162808484010483,0.0,1.0,0.0,1.0,0.0,0.0,0.0,1.0
1.186523302051178,-0.46508427634374117,-0.46618317148792077,0.07662982713825477,1.0,0.0,0.0,0.0,1.0,0.0,0.0,1.0
0.49507313803418757,-0.46508427634374117,-0.46618317148792077,-0.3918728127685774,0.0,1.0,0.0,1.0,0.0,0.0,0.0,1.0
0.7255565260398511,-0.46508427634374117,-0.46618317148792077,-0.4975461859920073,0.0,0.0,1.0,0.0,1.0,0.0,0.0,1.0
-0.7341715979960176,0.4783345406270387,0.7277823612437324,-0.3347842044204636,0.0,0.0,1.0,0.0,1.0,1.0,0.0,0.0
0.3798314440313558,-0.46508427634374117,-0.46618317148792077,-0.5285194160747367,0.0,0.0,1.0,0.0,1.0,1.0,0.0,0.0
-0.11954922998091504,-0.46508427634374117,-0.46618317148792077,-0.464751001198529,0.0,0.0,1.0,0.0,1.0,0.0,0.0,1.0
-0.08113533197997112,1.4217533575978185,-0.46618317148792077,-0.17844383236657607,0.0,0.0,1.0,0.0,1.0,0.0,1.0,0.0
-0.08113533197997112,-0.46508427634374117,-0.46618317148792077,-0.4949433935480804,0.0,0.0,1.0,0.0,1.0,0.0,0.0,1.0
-1.502449558014896,-0.46508427634374117,1.9217478939753856,-0.1597037267703028,0.0,0.0,1.0,1.0,0.0,0.0,0.0,1.0
-1.5792773540167837,0.4783345406270387,0.7277823612437324,-0.3451100026040101,0.0,0.0,1.0,1.0,0.0,1.0,0.0,0.0
-0.08113533197997112,-0.46508427634374117,-0.46618317148792077,-0.49815419830690855,0.0,0.0,1.0,0.0,1.0,0.0,0.0,1.0
-0.6957576999950738,-0.46508427634374117,-0.46618317148792077,-0.5116012651892122,0.0,0.0,1.0,0.0,1.0,0.0,0.0,1.0
-0.08113533197997112,0.4783345406270387,-0.46618317148792077,0.4201984297365983,1.0,0.0,0.0,1.0,0.0,0.0,0.0,1.0
0.49507313803418757,-0.46508427634374117,-0.46618317148792077,2.1616394001419343,1.0,0.0,0.0,1.0,0.0,1.0,0.0,0.0
-0.08113533197997112,-0.46508427634374117,-0.46618317148792077,-0.4949433935480804,0.0,0.0,1.0,0.0,1.0,0.0,0.0,1.0
-0.08113533197997112,-0.46508427634374117,-0.46618317148792077,-0.5053545633237878,0.0,0.0,1.0,0.0,1.0,0.0,0.0,1.0
-0.7341715979960176,-0.46508427634374117,-0.46618317148792077,-0.48218971057283894,0.0,0.0,1.0,0.0,1.0,0.0,0.0,1.0
-0.580516005992242,-0.46508427634374117,-0.46618317148792077,-0.44358092857660564,0.0,0.0,1.0,1.0,0.0,0.0,0.0,1.0
0.7255565260398511,-0.46508427634374117,-0.46618317148792077,-0.3918728127685774,0.0,1.0,0.0,0.0,1.0,0.0,0.0,1.0
0.5719009340360754,-0.46508427634374117,-0.46618317148792077,-0.4629290464877802,0.0,0.0,1.0,1.0,0.0,0.0,0.0,1.0
1.4170066900568414,0.4783345406270387,1.9217478939753856,0.6908888439049902,0.0,1.0,0.0,1.0,0.0,0.0,0.0,1.0
-0.5036882099903541,-0.46508427634374117,-0.46618317148792077,-0.3918728127685774,0.0,1.0,0.0,0.0,1.0,0.0,0.0,1.0
-0.08113533197997112,-0.46508427634374117,-0.46618317148792077,-0.5014503746578975,0.0,0.0,1.0,1.0,0.0,0.0,1.0,0.0
3.107218202098373,-0.46508427634374117,-0.46618317148792077,-0.44392866164711425,0.0,1.0,0.0,0.0,1.0,0.0,0.0,1.0
0.18776195402663626,0.4783345406270387,0.7277823612437324,-0.33981696389004046,0.0,0.0,1.0,1.0,0.0,0.0,1.0,0.0
-1.041482782003569,0.4783345406270387,0.7277823612437324,-0.24091085102082035,0.0,0.0,1.0,0.0,1.0,0.0,0.0,1.0
-0.6573438019941298,-0.46508427634374117,-0.46618317148792077,0.8678787300920157,0.0,1.0,0.0,0.0,1.0,0.0,0.0,1.0
-0.08113533197997112,-0.46508427634374117,-0.46618317148792077,-0.5116012651892122,0.0,0.0,1.0,0.0,1.0,0.0,0.0,1.0
0.9560399140455145,-0.46508427634374117,-0.46618317148792077,-0.3918728127685774,0.0,1.0,0.0,0.0,1.0,0.0,0.0,1.0
-0.42686041398846636,-0.46508427634374117,-0.46618317148792077,-0.5002364322620501,0.0,0.0,1.0,0.0,1.0,0.0,0.0,1.0
-0.580516005992242,-0.46508427634374117,-0.46618317148792077,-0.5011900954135049,0.0,0.0,1.0,1.0,0.0,0.0,0.0,1.0
0.8023843220417389,-0.46508427634374117,-0.46618317148792077,-0.5121218236779976,0.0,0.0,1.0,0.0,1.0,1.0,0.0,0.0
-2.2000459457120374,0.4783345406270387,1.9217478939753856,2.493062332079938,1.0,0.0,0.0,0.0,1.0,0.0,0.0,1.0
0.2645897500285241,-0.46508427634374117,-0.46618317148792077,-0.48218971057283894,0.0,0.0,1.0,0.0,1.0,1.0,0.0,0.0
-0.8878271899997933,-0.46508427634374117,-0.46618317148792077,-0.5006695369247195,0.0,0.0,1.0,0.0,1.0,0.0,0.0,1.0
-0.11954922998091504,-0.46508427634374117,-0.46618317148792077,0.5138115038918489,0.0,0.0,1.0,0.0,1.0,0.0,0.0,1.0
0.5719009340360754,0.4783345406270387,-0.46618317148792077,-0.12118239860018547,0.0,1.0,0.0,0.0,1.0,0.0,0.0,1.0
-1.886588538024335,-0.46508427634374117,-0.46618317148792077,-0.4028045410330702,0.0,0.0,1.0,1.0,0.0,0.0,0.0,1.0
-1.2719661700092324,-0.46508427634374117,-0.46618317148792077,-0.5120343698518817,0.0,0.0,1.0,1.0,0.0,1.0,0.0,0.0
-0.19637702598280285,-0.46508427634374117,-0.46618317148792077,-0.12118239860018547,0.0,1.0,0.0,0.0,1.0,0.0,0.0,1.0
0.6487287300379633,-0.46508427634374117,-0.46618317148792077,-0.3918728127685774,0.0,1.0,0.0,1.0,0.0,0.0,0.0,1.0
0.9560399140455145,-0.46508427634374117,-0.46618317148792077,-0.5053545633237878,0.0,0.0,1.0,0.0,1.0,0.0,0.0,1.0
-2.0402441300281104,0.4783345406270387,0.7277823612437324,-0.3314880280694745,0.0,0.0,1.0,0.0,1.0,0.0,0.0,1.0
-0.11954922998091504,-0.46508427634374117,-0.46618317148792077,-0.3991606316115725,0.0,1.0,0.0,1.0,0.0,0.0,0.0,1.0
1.570662282060617,-0.46508427634374117,0.7277823612437324,4.491398916700854,1.0,0.0,0.0,1.0,0.0,1.0,0.0,0.0
1.647490078062505,-0.46508427634374117,-0.46618317148792077,-0.10973011184690733,1.0,0.0,0.0,0.0,1.0,0.0,0.0,1.0
-0.08113533197997112,-0.46508427634374117,-0.46618317148792077,-0.5120343698518817,0.0,0.0,1.0,0.0,1.0,1.0,0.0,0.0
-0.2732048219846907,-0.46508427634374117,-0.46618317148792077,0.9792782466920845,1.0,0.0,0.0,1.0,0.0,0.0,0.0,1.0
-0.08113533197997112,-0.46508427634374117,-0.46618317148792077,-0.49815419830690855,0.0,0.0,1.0,0.0,1.0,0.0,0.0,1.0
-0.42686041398846636,-0.46508427634374117,-0.46618317148792077,0.3682300346841773,1.0,0.0,0.0,1.0,0.0,1.0,0.0,0.0
0.9560399140455145,0.4783345406270387,-0.46618317148792077,0.43173817031599243,1.0,0.0,0.0,0.0,1.0,0.0,0.0,1.0
0.9560399140455145,-0.46508427634374117,-0.46618317148792077,-0.1151959759791537,1.0,0.0,0.0,0.0,1.0,0.0,0.0,1.0
-0.08113533197997112,-0.46508427634374117,-0.46618317148792077,-0.49815419830690855,0.0,0.0,1.0,0.0,1.0,0.0,0.0,1.0
0.49507313803418757,0.4783345406270387,1.9217478939753856,-0.08474330438520963,0.0,1.0,0.0,0.0,1.0,0.0,0.0,1.0
-0.8109993939979054,-0.46508427634374117,1.9217478939753856,-0.11528342980526965,1.0,0.0,0.0,1.0,0.0,0.0,0.0,1.0
-0.08113533197997112,7.082266259422497,1.9217478939753856,0.7856304888639273,0.0,0.0,1.0,1.0,0.0,0.0,0.0,1.0
2.723079222088934,-0.46508427634374117,-0.46618317148792077,-0.10973011184690733,1.0,0.0,0.0,0.0,1.0,0.0,0.0,1.0
-1.1183105780054567,-0.46508427634374117,-0.46618317148792077,-0.49537649821074986,0.0,0.0,1.0,1.0,0.0,0.0,1.0,0.0
-0.08113533197997112,-0.46508427634374117,-0.46618317148792077,-0.5121218236779976,0.0,0.0,1.0,1.0,0.0,1.0,0.0,0.0
1.2633510980530658,-0.46508427634374117,-0.46618317148792077,0.9865660655350799,1.0,0.0,0.0,0.0,1.0,1.0,0.0,0.0
-0.11954922998091504,-0.46508427634374117,-0.46618317148792077,0.31816896593466604,1.0,0.0,0.0,0.0,1.0,0.0,0.0,1.0
1.570662282060617,-0.46508427634374117,0.7277823612437324,-0.12118239860018547,0.0,1.0,0.0,1.0,0.0,0.0,0.0,1.0
-0.8109993939979054,0.4783345406270387,-0.46618317148792077,1.233918801534246,1.0,0.0,0.0,1.0,0.0,1.0,0.0,0.0
-0.08113533197997112,0.4783345406270387,-0.46618317148792077,-0.1597037267703028,0.0,0.0,1.0,1.0,0.0,0.0,1.0,0.0
-0.35003261798657853,0.4783345406270387,-0.46618317148792077,0.4918626757707025,1.0,0.0,0.0,0.0,1.0,1.0,0.0,0.0
2.4925958340832706,-0.46508427634374117,-0.46618317148792077,1.0032239371762115,1.0,0.0,0.0,1.0,0.0,0.0,0.0,1.0
-0.19637702598280285,0.4783345406270387,-0.46618317148792077,0.4431030032431546,1.0,0.0,0.0,0.0,1.0,0.0,0.0,1.0
0.41824534203229974,0.4783345406270387,-0.46618317148792077,1.2114473326903592,1.0,0.0,0.0,1.0,0.0,0.0,0.0,1.0
-0.08113533197997112,-0.46508427634374117,-0.46618317148792077,-0.3481458997106064,0.0,0.0,1.0,0.0,1.0,0.0,0.0,1.0
0.9560399140455145,-0.46508427634374117,-0.46618317148792077,-0.5032723293686463,0.0,0.0,1.0,0.0,1.0,0.0,0.0,1.0
-0.08113533197997112,-0.46508427634374117,-0.46618317148792077,-0.49815419830690855,0.0,0.0,1.0,0.0,1.0,1.0,0.0,0.0
-0.08113533197997112,0.4783345406270387,-0.46618317148792077,0.41733535804827876,1.0,0.0,0.0,1.0,0.0,0.0,0.0,1.0
-0.42686041398846636,-0.46508427634374117,-0.46618317148792077,-0.5157657330994951,0.0,0.0,1.0,0.0,1.0,0.0,0.0,1.0
-0.42686041398846636,-0.46508427634374117,-0.46618317148792077,-0.5138563245626304,0.0,0.0,1.0,0.0,1.0,0.0,0.0,1.0
-1.963416334026223,1.4217533575978185,0.7277823612437324,0.14950801556820642,0.0,1.0,0.0,1.0,0.0,0.0,0.0,1.0
-0.11954922998091504,-0.46508427634374117,-0.46618317148792077,-0.3918728127685774,0.0,1.0,0.0,1.0,0.0,0.0,0.0,1.0
-0.8878271899997933,-0.46508427634374117,-0.46618317148792077,0.8678787300920157,0.0,1.0,0.0,0.0,1.0,0.0,0.0,1.0
-0.19637702598280285,-0.46508427634374117,1.9217478939753856,-0.4307418740092033,0.0,0.0,1.0,1.0,0.0,0.0,0.0,1.0
-0.08113533197997112,-0.46508427634374117,-0.46618317148792077,0.16200141929905532,1.0,0.0,0.0,0.0,1.0,1.0,0.0,0.0
-1.1951383740073447,4.252009808510158,1.9217478939753856,0.314004498024383,0.0,0.0,1.0,0.0,1.0,0.0,0.0,1.0
-0.11954922998091504,0.4783345406270387,-0.46618317148792077,-0.162827077703015,0.0,1.0,0.0,1.0,0.0,1.0,0.0,0.0
-0.580516005992242,-0.46508427634374117,-0.46618317148792077,-0.4678743521312413,0.0,0.0,1.0,0.0,1.0,0.0,0.0,1.0
0.5719009340360754,0.4783345406270387,0.7277823612437324,0.43173817031599243,1.0,0.0,0.0,0.0,1.0,0.0,0.0,1.0
1.3401788940549537,-0.46508427634374117,-0.46618317148792077,-0.5116012651892122,0.0,0.0,1.0,0.0,1.0,0.0,0.0,1.0
-0.08113533197997112,-0.46508427634374117,-0.46618317148792077,-0.36063930344145523,0.0,0.0,1.0,0.0,1.0,0.0,0.0,1.0
-0.11954922998091504,-0.46508427634374117,-0.46618317148792077,-0.3918728127685774,0.0,1.0,0.0,0.0,1.0,0.0,0.0,1.0
0.49507313803418757,0.4783345406270387,0.7277823612437324,-0.1597037267703028,0.0,0.0,1.0,0.0,1.0,0.0,0.0,1.0
-0.7341715979960176,-0.46508427634374117,-0.46618317148792077,-0.5120343698518817,0.0,0.0,1.0,0.0,1.0,1.0,0.0,0.0
1.9548012620700563,-0.46508427634374117,-0.46618317148792077,-0.3294057941143331,0.0,1.0,0.0,1.0,0.0,0.0,0.0,1.0
-0.08113533197997112,2.3651721745685985,0.7277823612437324,-0.13228695228295498,0.0,0.0,1.0,1.0,0.0,0.0,0.0,1.0
-0.580516005992242,-0.46508427634374117,-0.46618317148792077,-0.5142040576331391,0.0,0.0,1.0,0.0,1.0,0.0,0.0,1.0
2.108456854073832,-0.46508427634374117,-0.46618317148792077,-0.44392866164711425,0.0,1.0,0.0,1.0,0.0,0.0,0.0,1.0
-0.0427214339790272,0.4783345406270387,-0.46618317148792077,-0.5158531869256111,0.0,0.0,1.0,0.0,1.0,0.0,0.0,1.0
-0.2732048219846907,1.4217533575978185,-0.46618317148792077,-0.48218971057283894,0.0,0.0,1.0,0.0,1.0,0.0,0.0,1.0
-0.08113533197997112,-0.46508427634374117,-0.46618317148792077,-0.4949433935480804,0.0,0.0,1.0,0.0,1.0,0.0,0.0,1.0
0.7255565260398511,0.4783345406270387,-0.46618317148792077,0.5014055539871158,1.0,0.0,0.0,1.0,0.0,0.0,0.0,1.0
0.18776195402663626,-0.46508427634374117,-0.46618317148792077,-0.49815419830690855,0.0,0.0,1.0,0.0,1.0,0.0,0.0,1.0
0.03410636202286062,-0.46508427634374117,-0.46618317148792077,-0.4028045410330702,0.0,0.0,1.0,1.0,0.0,0.0,0.0,1.0
0.6487287300379633,-0.46508427634374117,-0.46618317148792077,1.0032239371762115,1.0,0.0,0.0,1.0,0.0,0.0,0.0,1.0
-0.08113533197997112,-0.46508427634374117,-0.46618317148792077,-0.49815419830690855,0.0,0.0,1.0,0.0,1.0,0.0,0.0,1.0
-0.8878271899997933,-0.46508427634374117,-0.46618317148792077,-0.5064831341274745,0.0,0.0,1.0,1.0,0.0,0.0,0.0,1.0
-0.42686041398846636,0.4783345406270387,1.9217478939753856,0.6908888439049902,0.0,1.0,0.0,1.0,0.0,0.0,0.0,1.0
-1.963416334026223,0.4783345406270387,0.7277823612437324,-0.3148301564283428,0.0,0.0,1.0,1.0,0.0,0.0,0.0,1.0
-0.580516005992242,-0.46508427634374117,-0.46618317148792077,-0.5116012651892122,0.0,0.0,1.0,1.0,0.0,0.0,0.0,1.0
-0.08113533197997112,-0.46508427634374117,-0.46618317148792077,-0.49849984914346207,0.0,0.0,1.0,1.0,0.0,0.0,1.0,0.0
-0.5036882099903541,-0.46508427634374117,-0.46618317148792077,-0.44392866164711425,0.0,1.0,0.0,0.0,1.0,0.0,0.0,1.0
-0.8878271899997933,-0.46508427634374117,-0.46618317148792077,-0.5002364322620501,0.0,0.0,1.0,0.0,1.0,0.0,0.0,1.0
-0.08113533197997112,-0.46508427634374117,-0.46618317148792077,-0.017070700843111658,1.0,0.0,0.0,0.0,1.0,0.0,0.0,1.0
0.2645897500285241,-0.46508427634374117,-0.46618317148792077,-0.49815419830690855,0.0,0.0,1.0,0.0,1.0,0.0,0.0,1.0
-1.6561051500186716,-0.46508427634374117,1.9217478939753856,-0.11597681371233177,0.0,1.0,0.0,1.0,0.0,0.0,0.0,1.0
-0.580516005992242,0.4783345406270387,-0.46618317148792077,-0.5116012651892122,0.0,0.0,1.0,0.0,1.0,0.0,0.0,1.0
0.49507313803418757,-0.46508427634374117,-0.46618317148792077,-0.11311374202401227,1.0,0.0,0.0,0.0,1.0,0.0,0.0,1.0
-0.35003261798657853,-0.46508427634374117,-0.46618317148792077,-0.3918728127685774,0.0,1.0,0.0,0.0,1.0,0.0,0.0,1.0
-0.8109993939979054,-0.46508427634374117,-0.46618317148792077,-0.4949433935480804,0.0,0.0,1.0,0.0,1.0,0.0,0.0,1.0
-0.08113533197997112,0.4783345406270387,1.9217478939753856,-0.17427936445629313,0.0,0.0,1.0,1.0,0.0,0.0,0.0,1.0
0.49507313803418757,0.4783345406270387,1.9217478939753856,1.836117519232802,1.0,0.0,0.0,0.0,1.0,0.0,0.0,1.0
-0.5036882099903541,1.4217533575978185,0.7277823612437324,-0.42310632209569954,0.0,1.0,0.0,0.0,1.0,0.0,0.0,1.0
-0.0427214339790272,-0.46508427634374117,4.309678959438692,-0.22373242089090317,0.0,0.0,1.0,1.0,0.0,0.0,0.0,1.0
-2.1938997220318863,0.4783345406270387,0.7277823612437324,-0.4307418740092033,0.0,0.0,1.0,1.0,0.0,0.0,0.0,1.0
0.41824534203229974,-0.46508427634374117,-0.46618317148792077,-0.49815419830690855,0.0,0.0,1.0,0.0,1.0,1.0,0.0,0.0
-0.0427214339790272,0.4783345406270387,-0.46618317148792077,-0.22529409635725928,0.0,1.0,0.0,0.0,1.0,0.0,0.0,1.0
1.1096955060492901,0.4783345406270387,-0.46618317148792077,-0.12118239860018547,0.0,1.0,0.0,0.0,1.0,0.0,0.0,1.0
0.49507313803418757,0.4783345406270387,-0.46618317148792077,0.9792782466920845,1.0,0.0,0.0,0.0,1.0,0.0,0.0,1.0
-0.08113533197997112,-0.46508427634374117,-0.46618317148792077,-0.49815419830690855,0.0,0.0,1.0,0.0,1.0,0.0,0.0,1.0
-0.08113533197997112,-0.46508427634374117,-0.46618317148792077,-0.5178479670546366,0.0,0.0,1.0,0.0,1.0,0.0,1.0,0.0
-0.6573438019941298,-0.46508427634374117,-0.46618317148792077,-0.5002364322620501,0.0,0.0,1.0,0.0,1.0,0.0,0.0,1.0
-1.041482782003569,-0.46508427634374117,-0.46618317148792077,-0.464751001198529,0.0,0.0,1.0,0.0,1.0,0.0,0.0,1.0
-1.8097607420224473,-0.46508427634374117,0.7277823612437324,0.024573978259717865,0.0,1.0,0.0,1.0,0.0,0.0,0.0,1.0
0.18776195402663626,-0.46508427634374117,-0.46618317148792077,-0.4949433935480804,0.0,0.0,1.0,0.0,1.0,0.0,0.0,1.0
0.6487287300379633,-0.46508427634374117,-0.46618317148792077,-0.6625632269369692,1.0,0.0,0.0,0.0,1.0,0.0,0.0,1.0
-0.2732048219846907,0.4783345406270387,0.7277823612437324,-0.12118239860018547,0.0,1.0,0.0,1.0,0.0,0.0,0.0,1.0
1.8779734660681684,0.4783345406270387,-0.46618317148792077,0.9671325760317444,1.0,0.0,0.0,1.0,0.0,1.0,0.0,0.0
-0.08113533197997112,-0.46508427634374117,-0.46618317148792077,0.37855375063376884,1.0,0.0,0.0,0.0,1.0,0.0,0.0,1.0
0.8023843220417389,-0.46508427634374117,-0.46618317148792077,-0.08535131670011094,1.0,0.0,0.0,0.0,1.0,1.0,0.0,0.0
0.9560399140455145,-0.46508427634374117,-0.46618317148792077,-0.3918728127685774,0.0,1.0,0.0,0.0,1.0,0.0,0.0,1.0
-0.11954922998091504,-0.46508427634374117,-0.46618317148792077,-0.4990204076322475,0.0,0.0,1.0,0.0,1.0,0.0,0.0,1.0
0.41824534203229974,0.4783345406270387,-0.46618317148792077,0.4431030032431546,1.0,0.0,0.0,1.0,0.0,0.0,0.0,1.0
-0.8878271899997933,0.4783345406270387,-0.46618317148792077,-0.5273054736788892,0.0,0.0,1.0,0.0,1.0,0.0,0.0,1.0
-0.8878271899997933,-0.46508427634374117,-0.46618317148792077,-0.48973780866022676,0.0,0.0,1.0,0.0,1.0,0.0,0.0,1.0
-1.5792773540167837,3.3085909915393783,1.9217478939753856,-0.009002044266938455,0.0,0.0,1.0,0.0,1.0,0.0,0.0,1.0
0.49507313803418757,-0.46508427634374117,-0.46618317148792077,-0.49815419830690855,0.0,0.0,1.0,0.0,1.0,0.0,0.0,1.0
-2.1170719260299986,2.3651721745685985,1.9217478939753856,-0.08161995345249745,0.0,0.0,1.0,1.0,0.0,0.0,0.0,1.0
-0.35003261798657853,-0.46508427634374117,-0.46618317148792077,-0.5157657330994951,0.0,0.0,1.0,0.0,1.0,0.0,0.0,1.0
1.8779734660681684,-0.46508427634374117,-0.46618317148792077,-0.12118239860018547,0.0,1.0,0.0,0.0,1.0,0.0,0.0,1.0
-1.5792773540167837,1.4217533575978185,1.9217478939753856,0.053204695142913164,0.0,0.0,1.0,1.0,0.0,0.0,0.0,1.0
3.8754961621172517,-0.46508427634374117,-0.46618317148792077,-0.03789304039452642,1.0,0.0,0.0,0.0,1.0,0.0,0.0,1.0
0.8023843220417389,-0.46508427634374117,-0.46618317148792077,2.5328850564720184,1.0,0.0,0.0,1.0,0.0,0.0,0.0,1.0
0.8792121180436268,-0.46508427634374117,-0.46618317148792077,2.138041442728316,1.0,0.0,0.0,1.0,0.0,1.0,0.0,0.0
-0.42686041398846636,0.4783345406270387,-0.46618317148792077,-0.12118239860018547,0.0,1.0,0.0,1.0,0.0,0.0,0.0,1.0
-0.580516005992242,-0.46508427634374117,-0.46618317148792077,-0.4751621709742364,0.0,0.0,1.0,0.0,1.0,0.0,0.0,1.0
-0.9646549860016811,0.4783345406270387,-0.46618317148792077,0.5243101274936721,1.0,0.0,0.0,1.0,0.0,0.0,0.0,1.0
1.186523302051178,0.4783345406270387,4.309678959438692,-0.08161995345249745,0.0,0.0,1.0,1.0,0.0,0.0,0.0,1.0
-0.7341715979960176,-0.46508427634374117,-0.46618317148792077,-0.5157657330994951,0.0,0.0,1.0,0.0,1.0,0.0,0.0,1.0
1.7243178740643927,0.4783345406270387,-0.46618317148792077,0.9671325760317444,1.0,0.0,0.0,1.0,0.0,1.0,0.0,0.0
0.41824534203229974,-0.46508427634374117,-0.46618317148792077,-0.5157657330994951,0.0,0.0,1.0,0.0,1.0,0.0,0.0,1.0
0.03410636202286062,-0.46508427634374117,-0.46618317148792077,-0.5120343698518817,0.0,0.0,1.0,0.0,1.0,1.0,0.0,0.0
-0.08113533197997112,1.4217533575978185,-0.46618317148792077,-0.21115156333393834,0.0,0.0,1.0,0.0,1.0,1.0,0.0,0.0
0.6487287300379633,0.4783345406270387,-0.46618317148792077,1.2114473326903592,1.0,0.0,0.0,0.0,1.0,0.0,0.0,1.0
-0.08113533197997112,0.4783345406270387,-0.46618317148792077,-0.36159296659291,0.0,0.0,1.0,1.0,0.0,1.0,0.0,0.0
0.7255565260398511,-0.46508427634374117,-0.46618317148792077,-0.6625632269369692,1.0,0.0,0.0,0.0,1.0,0.0,0.0,1.0
0.11093415802474844,0.4783345406270387,-0.46618317148792077,1.696087285749538,1.0,0.0,0.0,1.0,0.0,1.0,0.0,0.0
-0.580516005992242,-0.46508427634374117,-0.46618317148792077,-0.5059625756386891,0.0,0.0,1.0,0.0,1.0,0.0,0.0,1.0
-0.7341715979960176,-0.46508427634374117,-0.46618317148792077,-0.4975461859920073,0.0,0.0,1.0,0.0,1.0,0.0,0.0,1.0
-0.580516005992242,-0.46508427634374117,-0.46618317148792077,2.493062332079938,1.0,0.0,0.0,1.0,0.0,0.0,0.0,1.0
-0.2732048219846907,-0.46508427634374117,-0.46618317148792077,-0.4990204076322475,0.0,0.0,1.0,1.0,0.0,0.0,0.0,1.0
-1.1183105780054567,-0.46508427634374117,-0.46618317148792077,-0.5121218236779976,0.0,0.0,1.0,1.0,0.0,1.0,0.0,0.0
0.18776195402663626,0.4783345406270387,-0.46618317148792077,-0.3325291450470453,0.0,0.0,1.0,0.0,1.0,0.0,0.0,1.0
0.03410636202286062,-0.46508427634374117,-0.46618317148792077,1.1385691442604076,1.0,0.0,0.0,1.0,0.0,0.0,0.0,1.0
0.3414175460304119,-0.46508427634374117,0.7277823612437324,-0.18364941725442976,0.0,1.0,0.0,1.0,0.0,0.0,0.0,1.0
-0.08113533197997112,-0.46508427634374117,-0.46618317148792077,-0.5011900954135049,0.0,0.0,1.0,1.0,0.0,0.0,1.0,0.0
-2.1938997220318863,0.4783345406270387,1.9217478939753856,-0.23414359066661056,0.0,0.0,1.0,0.0,1.0,0.0,0.0,1.0
-0.11954922998091504,-0.46508427634374117,-0.46618317148792077,-0.38146164299287,0.0,1.0,0.0,0.0,1.0,0.0,0.0,1.0
0.03410636202286062,-0.46508427634374117,-0.46618317148792077,1.2843255211203108,1.0,0.0,0.0,1.0,0.0,0.0,0.0,1.0
-0.580516005992242,-0.46508427634374117,-0.46618317148792077,-0.5116012651892122,0.0,0.0,1.0,0.0,1.0,0.0,0.0,1.0
-0.6573438019941298,1.4217533575978185,1.9217478939753856,0.053204695142913164,0.0,0.0,1.0,1.0,0.0,0.0,0.0,1.0
0.49507313803418757,-0.46508427634374117,-0.46618317148792077,-0.3944756052125042,0.0,1.0,0.0,0.0,1.0,1.0,0.0,0.0
0.8023843220417389,-0.46508427634374117,-0.46618317148792077,-0.49815419830690855,0.0,0.0,1.0,0.0,1.0,0.0,0.0,1.0
-2.1938997220318863,-0.46508427634374117,1.9217478939753856,0.10795079029149279,0.0,1.0,0.0,0.0,1.0,1.0,0.0,0.0
0.8023843220417389,0.4783345406270387,0.7277823612437324,-0.33981696389004046,0.0,0.0,1.0,0.0,1.0,0.0,1.0,0.0
-0.11954922998091504,-0.46508427634374117,-0.46618317148792077,-0.49815419830690855,0.0,0.0,1.0,1.0,0.0,0.0,0.0,1.0
0.8023843220417389,-0.46508427634374117,-0.46618317148792077,-0.3918728127685774,0.0,1.0,0.0,1.0,0.0,0.0,0.0,1.0
-0.08113533197997112,-0.46508427634374117,-0.46618317148792077,-0.5015378284840135,0.0,0.0,1.0,1.0,0.0,0.0,1.0,0.0
-0.19637702598280285,-0.46508427634374117,-0.46618317148792077,-0.49815419830690855,0.0,0.0,1.0,0.0,1.0,0.0,0.0,1.0
-0.42686041398846636,-0.46508427634374117,-0.46618317148792077,1.0689871321814448,1.0,0.0,0.0,1.0,0.0,1.0,0.0,0.0
-1.886588538024335,0.4783345406270387,1.9217478939753856,-0.08474330438520963,0.0,1.0,0.0,1.0,0.0,0.0,0.0,1.0
0.3414175460304119,-0.46508427634374117,-0.46618317148792077,-0.5273054736788892,0.0,0.0,1.0,0.0,1.0,0.0,0.0,1.0
-0.5036882099903541,0.4783345406270387,-0.46618317148792077,1.696087285749538,1.0,0.0,0.0,1.0,0.0,1.0,0.0,0.0
3.1456321000993173,-0.46508427634374117,-0.46618317148792077,-0.5011900954135049,0.0,0.0,1.0,0.0,1.0,0.0,1.0,0.0
-0.9646549860016811,3.3085909915393783,1.9217478939753856,-0.4975461859920073,0.0,0.0,1.0,1.0,0.0,0.0,0.0,1.0
-1.041482782003569,-0.46508427634374117,0.7277823612437324,0.5446993623824175,1.0,0.0,0.0,1.0,0.0,1.0,0.0,0.0
-0.8109993939979054,-0.46508427634374117,-0.46618317148792077,-0.49268833417466223,0.0,0.0,1.0,0.0,1.0,0.0,0.0,1.0
-0.35003261798657853,-0.46508427634374117,-0.46618317148792077,-0.5116012651892122,0.0,0.0,1.0,0.0,1.0,0.0,0.0,1.0
-0.35003261798657853,0.4783345406270387,1.9217478939753856,2.493062332079938,1.0,0.0,0.0,1.0,0.0,0.0,0.0,1.0
0.9560399140455145,0.4783345406270387,-0.46618317148792077,0.4201984297365983,1.0,0.0,0.0,0.0,1.0,0.0,0.0,1.0
-0.6573438019941298,-0.46508427634374117,-0.46618317148792077,-0.4975461859920073,0.0,0.0,1.0,0.0,1.0,0.0,0.0,1.0
-0.08113533197997112,-0.46508427634374117,-0.46618317148792077,-0.49815419830690855,0.0,0.0,1.0,0.0,1.0,0.0,0.0,1.0
-0.08113533197997112,-0.46508427634374117,-0.46618317148792077,-0.6625632269369692,0.0,1.0,0.0,0.0,1.0,0.0,0.0,1.0
-1.1183105780054567,-0.46508427634374117,0.7277823612437324,3.7379779580101484,1.0,0.0,0.0,1.0,0.0,0.0,0.0,1.0
1.186523302051178,-0.46508427634374117,-0.46618317148792077,-0.5173274085658514,0.0,0.0,1.0,0.0,1.0,0.0,0.0,1.0
-0.08113533197997112,0.4783345406270387,-0.46618317148792077,-0.24680981981573616,0.0,0.0,1.0,0.0,1.0,0.0,0.0,1.0
-0.35003261798657853,0.4783345406270387,-0.46618317148792077,-0.5006695369247195,0.0,0.0,1.0,0.0,1.0,0.0,0.0,1.0
0.2645897500285241,-0.46508427634374117,-0.46618317148792077,-0.5584515291798955,1.0,0.0,0.0,0.0,1.0,0.0,0.0,1.0
-0.11954922998091504,-0.46508427634374117,-0.46618317148792077,-0.3918728127685774,0.0,1.0,0.0,1.0,0.0,0.0,0.0,1.0
0.18776195402663626,1.4217533575978185,-0.46618317148792077,0.8678787300920157,0.0,1.0,0.0,0.0,1.0,0.0,0.0,1.0
-0.2732048219846907,-0.46508427634374117,-0.46618317148792077,-0.03789304039452642,1.0,0.0,0.0,0.0,1.0,1.0,0.0,0.0
0.5719009340360754,1.4217533575978185,-0.46618317148792077,-0.4975461859920073,0.0,0.0,1.0,0.0,1.0,0.0,0.0,1.0
1.570662282060617,-0.46508427634374117,-0.46618317148792077,-0.06470180256697296,1.0,0.0,0.0,1.0,0.0,1.0,0.0,0.0
1.570662282060617,0.4783345406270387,-0.46618317148792077,1.5534542598223466,1.0,0.0,0.0,0.0,1.0,1.0,0.0,0.0
-0.08113533197997112,-0.46508427634374117,-0.46618317148792077,-0.49312143883733167,0.0,0.0,1.0,1.0,0.0,0.0,1.0,0.0
0.3414175460304119,0.4783345406270387,-0.46618317148792077,-0.22529409635725928,0.0,1.0,0.0,0.0,1.0,0.0,0.0,1.0
-0.08113533197997112,-0.46508427634374117,-0.46618317148792077,-0.49849984914346207,0.0,0.0,1.0,1.0,0.0,0.0,1.0,0.0
0.41824534203229974,-0.46508427634374117,-0.46618317148792077,10.005329337567716,1.0,0.0,0.0,1.0,0.0,1.0,0.0,0.0
1.4170066900568414,0.4783345406270387,3.1157134267070385,0.053204695142913164,0.0,0.0,1.0,1.0,0.0,0.0,0.0,1.0
1.3401788940549537,-0.46508427634374117,-0.46618317148792077,0.13909684579249906,1.0,0.0,0.0,0.0,1.0,0.0,0.0,1.0
-0.08113533197997112,-0.46508427634374117,-0.46618317148792077,-0.10973011184690733,1.0,0.0,0.0,0.0,1.0,0.0,0.0,1.0
